"Codigo","Seccion","Tipo","Dia","Inicio","Final"
"AA0010","1","Catedra","Martes","16:15","17:45"
"AA0010","2","Catedra","Miércoles","16:15","17:45"
"AA0010","3","Catedra","Miércoles","16:15","17:45"
"AA0020","1","Catedra","Lunes","16:15","17:45"
"AA0030","1","Catedra","Martes","16:15","17:45"
"AA0030","2","Catedra","Miércoles","16:15","17:45"
"AA0040","1","Catedra","Jueves","16:15","17:45"
"AA0050","1","Catedra","Miércoles","12:00","13:30"
"AS2001","1","Catedra","Jueves","14:30","16:00"
"AS2001","1","Auxiliar","Lunes","16:15","17:45"
"AS3004","1","Catedra","Jueves","16:15","17:45"
"AS3004","1","Auxiliar","Miércoles","16:15","17:45"
"AS3101","1","Catedra","Jueves","14:30","16:00"
"AS3101","1","Auxiliar","Miércoles","14:30","16:00"
"AS3201","1","Catedra","Lunes","16:15","21:00"
"AS3201","2","Catedra","Miércoles","14:30","19:30"
"AS4101","1","Catedra","Jueves","10:15","11:45"
"AS4101","1","Auxiliar","Martes","16:15","17:45"
"AS4107","1","","","",""
"AS4602","1","Catedra","Lunes","08:30","11:45"
"AS4901","1","","","",""
"AS201","1","","","",""
"AS710","1","","","",""
"AS750","1","","","",""
"AS752","1","","","",""
"AS794","1","","","",""
"AS795","1","","","",""
"AS801","1","","","",""
"AS802","1","","","",""
"AS803","1","","","",""
"AS895","1","","","",""
"AS896","1","","","",""
"AS897","1","","","",""
"AS898","1","","","",""
"AS899","1","","","",""
"AS900","1","","","",""
"AS901","1","","","",""
"AS902","1","","","",""
"CC1000","1","Catedra","Miércoles","08:30","10:00"
"CC1000","2","Catedra","Lunes","12:00","13:30"
"CC1000","3","Catedra","Viernes","12:00","13:30"
"CC1000","4","Catedra","Martes","16:15","17:45"
"CC1000","5","Catedra","Martes","08:30","10:00"
"CC1000","6","Catedra","Lunes","08:30","10:00"
"CC1000","7","Catedra","Martes","08:30","10:00"
"CC1000","8","Catedra","Jueves","14:30","16:00"
"CC1000","9","Catedra","Martes","14:30","16:00"
"CC1000","10","Catedra","Miércoles","10:15","11:45"
"CC1000","11","Catedra","Martes","14:30","16:00"
"CC1000","12","Catedra","Viernes","08:30","10:00"
"CC1000","13","Catedra","Lunes","10:15","11:45"
"CC1000","14","Catedra","Jueves","08:30","10:00"
"CC1000","15","Catedra","Viernes","08:30","10:00"
"CC1000","16","Catedra","Jueves","08:30","10:00"
"CC1000","17","Catedra","Jueves","16:15","17:45"
"CC1000","18","Catedra","Jueves","14:30","16:00"
"CC1002","1","Catedra","Jueves","08:30","10:00"
"CC1002","1","Auxiliar","Jueves","18:00","20:00"
"CC3001","1","Catedra","Jueves","10:15","11:45"
"CC3001","1","Auxiliar","Viernes","14:30","16:00"
"CC3001","2","Catedra","Miércoles","14:30","16:00"
"CC3001","2","Auxiliar","Viernes","14:30","16:00"
"CC3001","3","Catedra","Miércoles","14:30","16:00"
"CC3001","3","Auxiliar","Viernes","14:30","16:00"
"CC3002","1","Catedra","Miércoles","14:30","16:00"
"CC3002","1","Auxiliar","Viernes","12:00","13:30"
"CC3101","1","Catedra","Jueves","12:00","13:30"
"CC3101","1","Auxiliar","Lunes","12:00","13:30"
"CC3102","1","Catedra","Jueves","12:00","13:30"
"CC3102","1","Auxiliar","Miércoles","16:15","17:45"
"CC3201","1","Catedra","Miércoles","10:15","11:45"
"CC3201","1","Auxiliar","Viernes","10:15","11:45"
"CC3301","1","Catedra","Jueves","10:15","11:45"
"CC3301","1","Auxiliar","Viernes","14:30","16:00"
"CC3501","1","Catedra","Miércoles","16:15","17:45"
"CC3501","1","Auxiliar","Viernes","10:15","11:45"
"CC4001","1","","","",""
"CC4005","1","","","",""
"CC4101","1","Catedra","Jueves","10:15","11:45"
"CC4101","1","Auxiliar","Viernes","14:30","16:00"
"CC4102","1","Catedra","Jueves","14:30","16:00"
"CC4102","1","Auxiliar","Lunes","16:15","17:45"
"CC4301","1","Catedra","Viernes","10:15","11:45"
"CC4301","1","Auxiliar","Miércoles","10:15","11:45"
"CC4302","1","Catedra","Jueves","12:00","13:30"
"CC4302","1","Auxiliar","Miércoles","16:15","17:45"
"CC4303","1","Catedra","Jueves","10:15","11:45"
"CC4303","1","Auxiliar","Viernes","14:30","16:00"
"CC4303","2","Auxiliar","Viernes","14:30","16:00"
"CC4401","1","Catedra","Jueves","16:15","17:45"
"CC4401","1","Auxiliar","Miércoles","18:00","19:30"
"CC4402","1","","","",""
"CC4901","1","","","",""
"CC5002","1","Catedra","Jueves","08:30","10:00"
"CC5002","1","Auxiliar","Lunes","12:00","13:30"
"CC5201","1","Catedra","Jueves","16:15","17:45"
"CC5206","1","Catedra","Viernes","10:15","11:45"
"CC5206","2","Catedra","Viernes","12:00","13:30"
"CC5208","1","Catedra","Jueves","12:00","13:30"
"CC5208","1","Auxiliar","Miércoles","16:15","17:45"
"CC5212","1","Catedra","Miércoles","14:30","16:00"
"CC5212","1","Auxiliar","Viernes","12:00","13:30"
"CC5213","1","Catedra","Viernes","08:30","10:00"
"CC5301","1","Catedra","Miércoles","10:15","11:45"
"CC5301","1","Auxiliar","Viernes","10:15","11:45"
"CC5304","1","Catedra","Martes","18:00","19:30"
"CC5322","1","Catedra","Miércoles","14:30","17:45"
"CC5325","1","Catedra","Jueves","18:00","21:00"
"CC5325","1","Auxiliar","Lunes","18:00","20:00"
"CC5401","1","Catedra","Jueves","10:15","11:45"
"CC5401","1","Auxiliar","Viernes","14:30","16:00"
"CC5401","2","Catedra","Jueves","10:15","11:45"
"CC5401","2","Auxiliar","Lunes","14:30","16:00"
"CC5402","1","Catedra","Jueves","18:00","19:30"
"CC5404","1","Catedra","Miércoles","18:00","21:00"
"CC5408","1","Catedra","Viernes","10:15","11:45"
"CC5501","1","Catedra","Jueves","14:30","16:00"
"CC5504","1","Catedra","Miércoles","16:15","17:45"
"CC5504","1","Auxiliar","Viernes","12:00","13:30"
"CC5509","1","Catedra","Jueves","18:00","21:00"
"CC5510","1","Catedra","Miércoles","10:15","11:45"
"CC5510","1","Auxiliar","Viernes","10:15","11:45"
"CC5511","1","Catedra","Jueves","14:30","16:00"
"CC5601","1","Catedra","Jueves","12:00","13:30"
"CC5609","1","Catedra","Lunes","18:00","19:30"
"CC5613","1","Catedra","Lunes","18:00","19:30"
"CC5613","1","Auxiliar","Martes","18:00","19:30"
"CC5614","1","Catedra","Jueves","14:30","16:00"
"CC5614","2","Catedra","Jueves","16:15","17:45"
"CC5618","1","Catedra","Jueves","18:00","19:30"
"CC5701","1","Catedra","Miércoles","18:00","19:30"
"CC5901","1","","","",""
"CC5905","1","","","",""
"CC5905","2","","","",""
"CC5905","3","","","",""
"CC6205","1","Catedra","Jueves","14:30","16:00"
"CC6502","1","Catedra","Miércoles","14:30","16:00"
"CC6908","1","Catedra","Miércoles","18:00","19:30"
"CC6909","1","Catedra","Miércoles","18:00","19:30"
"CC6909","2","Catedra","Miércoles","18:00","19:30"
"CC6909","3","Catedra","Miércoles","18:00","19:30"
"CC6909","4","Catedra","Miércoles","18:00","19:30"
"CC6909","5","Catedra","Miércoles","18:00","19:30"
"CC6909","6","Catedra","Miércoles","18:00","19:30"
"CC6909","7","Catedra","Miércoles","18:00","19:30"
"CC6909","8","Catedra","Miércoles","18:00","19:30"
"CC6909","9","Catedra","Miércoles","18:00","19:30"
"CC6909","10","Catedra","Miércoles","18:00","19:30"
"CC6909","11","Catedra","Miércoles","18:00","19:30"
"CC6909","12","Catedra","Miércoles","18:00","19:30"
"CC6909","13","Catedra","Miércoles","18:00","19:30"
"CC7010","1","","","",""
"CC7015","1","","","",""
"CC7020","1","","","",""
"CC7126","1","Catedra","Lunes","16:15","19:30"
"CC7220","1","","","",""
"CC7221","1","Catedra","Miércoles","16:15","17:45"
"CC7221","1","Auxiliar","Viernes","14:30","16:00"
"CC7320","1","Catedra","Jueves","16:15","17:45"
"CC7325","1","","","",""
"CC7515","1","Catedra","Jueves","08:30","10:00"
"CC7910","1","Catedra","Miércoles","16:15","17:45"
"CC7920","1","","","",""
"CC7970","1","","","",""
"CC7980","1","","","",""
"CC8910","1","","","",""
"CC8920","1","","","",""
"CC8930","1","","","",""
"CC8940","1","","","",""
"CC8950","1","","","",""
"CC8960","1","","","",""
"CC63D","1","","","",""
"CC63G","1","","","",""
"CC63H","1","","","",""
"CC63I","1","","","",""
"CC63J","1","","","",""
"CC63K","1","","","",""
"CC66A","1","","","",""
"CC66B","1","","","",""
"CC66C","1","","","",""
"CC66E","1","","","",""
"CC66G","1","","","",""
"CC66H","1","","","",""
"CC66I","1","","","",""
"CC73B","1","","","",""
"CC79E","1","","","",""
"CC79F","1","","","",""
"CC79G","1","","","",""
"CC79H","1","","","",""
"CI3111","1","Catedra","Jueves","10:15","11:45"
"CI3111","1","Auxiliar","Miércoles","10:00","12:00"
"CI3111","2","Catedra","Jueves","10:15","11:45"
"CI3111","2","Auxiliar","Miércoles","10:00","12:00"
"CI3141","1","Catedra","Viernes","12:00","13:30"
"CI3141","1","Laboratorio","Martes","16:00","18:00"
"CI3162","1","Catedra","Jueves","08:30","10:00"
"CI3162","1","Auxiliar","Viernes","14:00","16:00"
"CI3201","1","Catedra","Jueves","10:15","11:45"
"CI3201","1","Auxiliar","Miércoles","10:00","12:00"
"CI3202","1","Catedra","Jueves","10:15","11:45"
"CI3202","1","Auxiliar","Miércoles","10:00","12:00"
"CI3501","1","Auxiliar","Lunes","14:00","16:00"
"CI3501","2","Auxiliar","Lunes","16:00","18:00"
"CI3502","1","Catedra","Viernes","12:00","13:30"
"CI3502","1","Auxiliar","Sábado","08:30","11:45"
"CI4101","1","Catedra","Miércoles","08:30","10:00"
"CI4101","1","Auxiliar","Viernes","14:00","16:00"
"CI4102","1","Catedra","Miércoles","14:30","16:00"
"CI4102","1","Auxiliar","Jueves","08:30","10:00"
"CI4201","1","Catedra","Jueves","12:00","13:30"
"CI4201","1","Auxiliar","Miércoles","16:00","18:00"
"CI4202","1","Catedra","Jueves","12:00","13:30"
"CI4202","1","Auxiliar","Miércoles","18:00","20:00"
"CI4203","1","Catedra","Viernes","10:15","11:45"
"CI4203","1","Auxiliar","Jueves","14:00","16:00"
"CI4203","2","","","",""
"CI4301","1","Catedra","Viernes","12:00","13:30"
"CI4301","1","Auxiliar","Martes","16:00","18:00"
"CI4401","1","Catedra","Jueves","10:15","11:45"
"CI4401","1","Auxiliar","Miércoles","10:00","12:00"
"CI4401","1","Laboratorio","Lunes","14:00","16:00"
"CI4402","1","Catedra","Jueves","10:15","11:45"
"CI4402","1","Auxiliar","Miércoles","10:00","12:00"
"CI4402","1","Laboratorio","Lunes","16:00","18:00"
"CI4402","2","","","",""
"CI4901","1","","","",""
"CI5101","1","Catedra","Jueves","14:30","16:00"
"CI5101","1","Auxiliar","Viernes","16:00","18:00"
"CI5102","1","Catedra","Viernes","10:15","11:45"
"CI5102","1","Auxiliar","Jueves","16:15","17:45"
"CI5102","2","","","",""
"CI5103","1","Catedra","Jueves","10:15","11:45"
"CI5103","1","Auxiliar","Miércoles","14:00","16:00"
"CI5104","1","Catedra","Jueves","18:00","21:00"
"CI5104","1","Auxiliar","Viernes","16:00","18:00"
"CI5111","1","Catedra","Jueves","18:00","20:00"
"CI5115","1","Catedra","Viernes","14:00","16:00"
"CI5201","1","Catedra","Jueves","10:15","11:45"
"CI5201","1","Auxiliar","Miércoles","10:00","12:00"
"CI5201","2","","","",""
"CI5202","1","Catedra","Viernes","12:00","13:30"
"CI5202","1","Auxiliar","Miércoles","16:00","18:00"
"CI5206","1","Catedra","Miércoles","08:30","11:45"
"CI5206","2","Catedra","Miércoles","08:30","11:45"
"CI5206","3","Catedra","Miércoles","08:30","11:45"
"CI5212","1","Catedra","Jueves","08:30","10:00"
"CI5221","1","Catedra","Viernes","10:15","11:45"
"CI5221","1","Auxiliar","Miércoles","14:00","16:00"
"CI5224","1","Catedra","Jueves","12:00","13:30"
"CI5224","1","Auxiliar","Lunes","14:00","16:00"
"CI5301","1","Catedra","Viernes","10:15","11:45"
"CI5301","1","Auxiliar","Martes","16:00","18:00"
"CI5302","1","","","",""
"CI5303","1","Catedra","Viernes","12:00","13:30"
"CI5303","1","Auxiliar","Jueves","14:00","16:00"
"CI5304","1","","","",""
"CI5311","1","Catedra","Jueves","10:15","11:45"
"CI5311","1","Auxiliar","Miércoles","14:30","16:00"
"CI5401","1","Catedra","Jueves","12:00","13:30"
"CI5401","1","Auxiliar","Lunes","16:00","18:00"
"CI5401","2","","","",""
"CI5412","1","Catedra","Miércoles","18:00","21:00"
"CI5415","1","Catedra","Jueves","16:15","17:45"
"CI5501","1","Catedra","Jueves","08:30","10:00"
"CI5501","1","Auxiliar","Lunes","14:00","16:00"
"CI5502","1","Catedra","Jueves","08:30","10:00"
"CI5502","1","Auxiliar","Lunes","14:00","16:00"
"CI5503","1","Catedra","Viernes","10:15","11:45"
"CI5503","1","Auxiliar","Jueves","14:00","16:00"
"CI5512","1","Catedra","Lunes","12:00","13:30"
"CI5512","1","Auxiliar","Viernes","12:00","14:00"
"CI5513","1","Catedra","Jueves","12:00","13:30"
"CI5533","1","Catedra","Viernes","08:30","10:00"
"CI5533","1","Auxiliar","Viernes","14:00","16:00"
"CI5534","1","Catedra","Martes","18:00","20:00"
"CI5601","1","Catedra","Miércoles","14:30","16:00"
"CI5601","1","Auxiliar","Jueves","14:00","16:00"
"CI5605","1","Catedra","Jueves","14:30","16:00"
"CI5606","1","Catedra","Viernes","10:15","11:45"
"CI5606","1","Auxiliar","Martes","14:30","16:00"
"CI5801","1","Catedra","Jueves","14:30","16:00"
"CI5802","1","Catedra","Martes","16:00","18:00"
"CI5803","1","","","",""
"CI5804","1","Catedra","Miércoles","10:00","12:00"
"CI5805","1","Catedra","Miércoles","18:00","20:00"
"CI5807","1","Catedra","Martes","14:00","16:00"
"CI5807","2","Catedra","Jueves","14:00","16:00"
"CI5809","1","Catedra","Martes","16:15","17:45"
"CI5810","1","Catedra","Lunes","10:15","13:30"
"CI5901","1","","","",""
"CI6101","1","Catedra","Lunes","10:15","13:30"
"CI6101","1","Auxiliar","Viernes","12:00","13:30"
"CI6102","1","Catedra","Miércoles","08:30","11:45"
"CI6102","2","Catedra","Miércoles","08:30","11:45"
"CI6103","1","Catedra","Jueves","18:00","21:00"
"CI6103","2","Catedra","Jueves","18:00","21:00"
"CI6112","1","","","",""
"CI6201","1","Catedra","Lunes","16:15","19:30"
"CI6201","2","Catedra","Lunes","16:15","19:30"
"CI6203","1","Catedra","Viernes","08:30","10:00"
"CI6203","1","Auxiliar","Miércoles","10:15","11:45"
"CI6301","1","Catedra","Viernes","12:00","13:30"
"CI6301","1","Auxiliar","Lunes","16:00","18:00"
"CI6302","1","Catedra","Lunes","18:00","21:00"
"CI6303","1","Catedra","Martes","18:00","21:00"
"CI6306","1","Catedra","Jueves","14:30","16:00"
"CI6306","1","Auxiliar","Viernes","16:15","17:45"
"CI6309","1","Catedra","Jueves","12:00","13:30"
"CI6309","1","Auxiliar","Viernes","16:15","17:45"
"CI6310","1","Catedra","Jueves","14:30","16:00"
"CI6312","1","Catedra","Jueves","08:30","10:00"
"CI6401","1","Catedra","Jueves","16:15","19:30"
"CI6402","1","Catedra","Viernes","16:15","19:30"
"CI6501","1","Catedra","Jueves","08:30","10:00"
"CI6501","1","Auxiliar","Lunes","14:00","16:00"
"CI6502","1","Catedra","Martes","18:00","21:00"
"CI6502","1","Auxiliar","Lunes","14:00","16:00"
"CI6502","2","Catedra","Jueves","12:00","13:30"
"CI6502","2","Auxiliar","Lunes","10:00","12:00"
"CI6901","1","","","",""
"CI6908","1","Catedra","Jueves","16:00","18:00"
"CI6908","2","Catedra","Martes","16:00","18:00"
"CI6908","3","Catedra","Martes","16:00","18:00"
"CI6908","4","Catedra","Jueves","16:00","18:00"
"CI6909","1","Catedra","Jueves","16:00","18:00"
"CI6909","2","Catedra","Miércoles","16:00","18:00"
"CI6909","3","Catedra","Jueves","16:00","18:00"
"CI6909","4","Catedra","Jueves","16:00","18:00"
"CI6910","1","Catedra","Jueves","16:00","18:00"
"CI7112","1","Catedra","Viernes","08:30","10:00"
"CI7201","1","","","",""
"CI7202","1","","","",""
"CI7213","1","Catedra","Jueves","16:15","17:45"
"CI7214","1","Catedra","Jueves","10:15","11:45"
"CI7214","1","Auxiliar","Viernes","14:00","16:00"
"CI7301","1","","","",""
"CI7302","1","","","",""
"CI7601","1","Catedra","Jueves","14:30","16:00"
"CI7602","1","Catedra","Jueves","12:00","13:30"
"CI7900","1","","","",""
"CI7901","1","","","",""
"CI7906","1","","","",""
"CI7907","1","Catedra","Jueves","18:00","19:30"
"CI71F","1","Catedra","Jueves","10:15","11:45"
"CI71F","1","Auxiliar","Jueves","16:00","18:00"
"CI71Q","1","Catedra","Miércoles","16:15","17:45"
"CI71Q","1","Auxiliar","Viernes","16:00","18:00"
"CI71S","1","","","",""
"CI71Y","1","Catedra","Martes","10:15","11:45"
"CI79A","1","Catedra","Viernes","12:00","13:30"
"CI79B","1","Catedra","Jueves","14:30","16:00"
"CI79C","1","Catedra","Jueves","14:30","16:00"
"CM3201","1","Catedra","Jueves","12:00","13:30"
"CM3201","1","Auxiliar","Miércoles","16:15","17:45"
"CM4201","1","Catedra","Martes","14:30","17:45"
"CM4202","1","Catedra","Jueves","14:30","16:00"
"DR100A","1","Catedra","Jueves","08:30","10:00"
"DR100A","2","Catedra","Jueves","10:15","11:45"
"DR100A","3","Catedra","Jueves","12:00","13:30"
"DR100A","4","Catedra","Miércoles","08:30","10:00"
"DR100A","5","Catedra","Miércoles","10:15","11:45"
"DR100B","1","Catedra","Jueves","08:30","10:00"
"DR100B","2","Catedra","Jueves","10:15","11:45"
"DR100B","3","Catedra","Jueves","12:00","13:30"
"DR100B","4","Catedra","Miércoles","08:30","10:00"
"DR100B","5","Catedra","Miércoles","10:15","11:45"
"DR130A","1","Catedra","Viernes","08:30","10:00"
"DR130A","2","Catedra","Jueves","10:15","11:45"
"DR130A","3","Catedra","Viernes","14:30","16:00"
"DR150A","1","Catedra","Jueves","08:30","10:00"
"DR150A","2","Catedra","Jueves","10:15","11:45"
"DR150A","3","Catedra","Viernes","10:15","11:45"
"DR150A","4","Catedra","Viernes","12:00","13:30"
"DR160A","1","Catedra","Jueves","14:30","16:00"
"DR160A","2","Catedra","Jueves","16:15","17:45"
"DR160A","3","Catedra","Jueves","18:00","19:30"
"DR160B","1","Catedra","Jueves","14:30","16:00"
"DR160B","2","Catedra","Jueves","16:15","17:45"
"DR160B","3","Catedra","Jueves","18:00","19:30"
"DR170A","1","Catedra","Jueves","12:00","13:30"
"DR180A","1","Catedra","Jueves","18:00","19:30"
"DR180A","2","Catedra","Jueves","19:30","21:00"
"DR180A","3","Catedra","Viernes","08:30","10:00"
"DR180A","4","Catedra","Viernes","10:15","11:45"
"DR180A","5","Catedra","Viernes","12:00","13:30"
"DR180A","6","Catedra","Jueves","08:30","10:00"
"DR180A","7","Catedra","Jueves","08:30","10:00"
"DR180A","8","Catedra","Jueves","10:15","11:45"
"DR180A","9","Catedra","Jueves","12:00","13:30"
"DR180A","10","Catedra","Jueves","14:30","16:00"
"DR180A","11","Catedra","Jueves","16:15","17:45"
"DR180A","12","Catedra","Miércoles","14:30","16:00"
"DR180A","13","Catedra","Jueves","14:30","16:00"
"DR180A","14","Catedra","Jueves","16:15","17:45"
"DR180A","15","Catedra","Viernes","18:00","19:30"
"DR180B","1","Catedra","Jueves","18:00","19:30"
"DR180B","2","Catedra","Jueves","19:30","21:00"
"DR180B","3","Catedra","Viernes","08:30","10:00"
"DR180B","4","Catedra","Viernes","10:15","11:45"
"DR180B","5","Catedra","Viernes","12:00","13:30"
"DR180B","6","Catedra","Jueves","08:30","10:00"
"DR180B","7","Catedra","Jueves","08:30","10:00"
"DR180B","8","Catedra","Jueves","10:15","11:45"
"DR180B","9","Catedra","Jueves","12:00","13:30"
"DR180B","10","Catedra","Jueves","14:30","16:00"
"DR180B","11","Catedra","Jueves","16:15","17:45"
"DR180B","12","Catedra","Miércoles","14:30","16:00"
"DR180B","13","Catedra","Jueves","14:30","16:00"
"DR180B","14","Catedra","Jueves","16:15","17:45"
"DR180B","15","Catedra","Viernes","18:00","19:30"
"DR190A","1","Catedra","Miércoles","18:00","19:30"
"DR210A","1","Catedra","Jueves","10:15","11:45"
"DR210A","2","Catedra","Jueves","12:00","13:30"
"DR230A","1","Catedra","Jueves","12:00","13:30"
"DR420A","1","Catedra","Viernes","14:30","16:00"
"DR420A","2","Catedra","Viernes","16:15","17:45"
"DR500A","1","Catedra","Jueves","10:15","11:45"
"DR500A","2","Catedra","Jueves","12:00","13:30"
"DR500B","1","Catedra","Jueves","10:15","11:45"
"DR500B","2","Catedra","Jueves","12:00","13:30"
"DR520A","1","Catedra","Miércoles","10:15","11:45"
"DR610A","1","Catedra","Jueves","08:30","10:00"
"DR610A","2","Catedra","Jueves","10:15","11:45"
"DR610B","1","Catedra","Jueves","08:30","10:00"
"DR610B","2","Catedra","Jueves","10:15","11:45"
"DR700A","1","Catedra","Miércoles","14:30","16:00"
"DR700A","2","Catedra","Miércoles","16:15","17:45"
"DR700B","1","Catedra","Miércoles","16:15","17:45"
"DR800A","1","","","",""
"DR800B","1","","","",""
"ED740","1","","","",""
"ED741","1","","","",""
"ED742","1","","","",""
"ED743","1","","","",""
"ED744","1","","","",""
"ED785","1","","","",""
"ED786","1","","","",""
"EH2002","1","Catedra","Jueves","08:30","10:00"
"EH2103","1","Catedra","Jueves","08:30","10:00"
"EH2108","1","Catedra","Jueves","08:30","10:00"
"EH2202","1","Catedra","Viernes","10:15","11:45"
"EH2203","1","Catedra","Jueves","10:15","11:45"
"EH2206","1","Catedra","Viernes","10:15","11:45"
"EH2308","1","Catedra","Jueves","16:15","17:45"
"EH2309","1","Catedra","Jueves","10:15","11:45"
"EH2401","1","Catedra","Miércoles","10:15","11:45"
"EH2403","1","Catedra","Jueves","10:15","11:45"
"EH2501","1","Catedra","Martes","14:30","16:00"
"EH2509","1","Catedra","Jueves","12:00","13:30"
"EH2514","1","Catedra","Viernes","10:15","11:45"
"EH2515","1","Catedra","Jueves","16:15","17:45"
"EH2516","1","Catedra","Miércoles","10:15","11:45"
"EH2518","1","Catedra","Miércoles","14:30","16:00"
"EH2601","1","Catedra","Miércoles","14:30","16:00"
"EH2605","1","Catedra","Viernes","12:00","13:30"
"EH2609","1","Catedra","Viernes","10:15","11:45"
"EH2609","2","Catedra","Viernes","12:00","13:30"
"EIELE01","1","","","",""
"EIELE02","1","","","",""
"EE0001","1","","","",""
"EE0002","1","","","",""
"EI0001","1","","","",""
"EI0002","1","","","",""
"EI0003","1","","","",""
"EI0004","1","","","",""
"EI0005","1","","","",""
"EI0006","1","","","",""
"EI0011","1","","","",""
"EI0012","1","","","",""
"EI0013","1","","","",""
"EI0014","1","","","",""
"EI0015","1","","","",""
"EI0031","1","","","",""
"EI0032","1","","","",""
"EI1090","1","","","",""
"EI2090","1","","","",""
"EI2201","1","Catedra","Jueves","16:15","17:45"
"EI2201","2","Catedra","Jueves","10:15","11:45"
"EI2201","3","Catedra","Jueves","12:00","13:30"
"EI2201","4","Catedra","Jueves","08:30","10:00"
"EI2202","1","Catedra","Viernes","10:15","11:45"
"EI2202","2","Catedra","Viernes","12:00","13:30"
"EI2202","3","Catedra","Jueves","08:30","10:00"
"EI2202","4","Catedra","Jueves","10:15","11:45"
"EI2202","5","Catedra","Jueves","12:00","13:30"
"EI2202","6","Catedra","Viernes","08:30","10:00"
"EI2202","7","Catedra","Viernes","12:00","13:30"
"EI2301","1","Catedra","Jueves","08:30","10:00"
"EI2301","2","Catedra","Jueves","12:00","13:30"
"EI2301","3","Catedra","Jueves","14:30","16:00"
"EI2302","1","Catedra","Jueves","10:15","11:45"
"EI3203","1","Catedra","Viernes","08:30","10:00"
"EI3203","2","Catedra","Miércoles","10:15","11:45"
"EI3203","3","Catedra","Viernes","08:30","10:00"
"EI3203","4","Catedra","Viernes","08:30","10:00"
"EI3203","5","Catedra","Viernes","12:00","13:30"
"EI3203","6","Catedra","Jueves","08:30","10:00"
"EI3203","7","Catedra","Jueves","10:15","11:45"
"EI3203","8","","","",""
"EI3203","9","Catedra","Jueves","12:00","13:30"
"EI3203","10","Catedra","Viernes","08:30","10:00"
"EI3203","11","Catedra","Jueves","14:30","16:00"
"EI3203","12","","","",""
"EI3203","13","Catedra","Viernes","10:15","11:45"
"EI3203","14","","","",""
"EI3203","15","Catedra","Viernes","10:15","11:45"
"EI3203","16","","","",""
"EI3203","17","Catedra","Jueves","12:00","13:30"
"EI4204","1","Catedra","Viernes","08:30","10:00"
"EI4204","2","Catedra","Viernes","08:30","10:00"
"EI4204","3","Catedra","Viernes","10:15","11:45"
"EI4204","4","Catedra","Viernes","10:15","11:45"
"EI4204","5","Catedra","Viernes","10:15","11:45"
"EI4204","6","Catedra","Miércoles","10:15","11:45"
"EI4204","7","Catedra","Jueves","08:30","10:00"
"EI4204","8","Catedra","Jueves","08:30","10:00"
"EI4204","9","Catedra","Jueves","08:30","10:00"
"EI4204","10","Catedra","Jueves","10:15","11:45"
"EI4204","11","Catedra","Jueves","10:15","11:45"
"EI4204","12","Catedra","Jueves","12:00","13:30"
"EI4204","13","Catedra","Jueves","12:00","13:30"
"EI4204","14","Catedra","Jueves","12:00","13:30"
"EI4204","15","Catedra","Jueves","14:30","16:00"
"EI4204","16","Catedra","Jueves","14:30","16:00"
"EI4204","17","Catedra","Jueves","16:15","17:45"
"EI4204","18","Catedra","Miércoles","08:30","10:00"
"EI4204","19","Catedra","Viernes","14:30","16:00"
"EI4204","20","Catedra","Jueves","10:15","11:45"
"EI4204","21","Catedra","Viernes","08:30","10:00"
"EI4205","1","Catedra","Miércoles","08:30","10:00"
"EI4205","2","Catedra","Miércoles","10:15","11:45"
"EI4205","3","Catedra","Jueves","14:30","16:00"
"EI4205","4","Catedra","Viernes","08:30","10:00"
"EI4205","5","Catedra","Viernes","10:15","11:45"
"EI4205","6","Catedra","Viernes","10:15","11:45"
"EI4205","7","Catedra","Viernes","10:15","11:45"
"EI4205","8","Catedra","Viernes","12:00","13:30"
"EI4205","9","Catedra","Viernes","12:00","13:30"
"EI4205","10","Catedra","Viernes","12:00","13:30"
"EI4205","11","Catedra","Viernes","12:00","13:30"
"EI4205","12","Catedra","Jueves","10:15","11:45"
"EI4205","13","Catedra","Jueves","08:30","10:00"
"EI4205","14","Catedra","Jueves","12:00","13:30"
"EI4205","15","Catedra","Jueves","12:00","13:30"
"EI4205","16","Catedra","Jueves","14:30","16:00"
"EI4205","17","Catedra","Jueves","08:30","10:00"
"EI4205","18","Catedra","Viernes","12:00","13:30"
"EI4205","19","Catedra","Viernes","14:30","16:00"
"EI4205","20","Catedra","Jueves","10:15","11:45"
"EI4205","21","Catedra","Jueves","14:30","16:00"
"EI4205","23","Catedra","Jueves","10:15","11:45"
"FT1101","1","Catedra","Lunes","18:00","20:00"
"FT1101","2","Catedra","Martes","16:00","18:00"
"TESTDE","1","","","",""
"TESTDE","2","","","",""
"TESTDE","3","","","",""
"TESTDE","4","","","",""
"TESTDF","1","","","",""
"TESTDI","1","","","",""
"TESTDI","2","","","",""
"TESTDI","3","","","",""
"TESTDI","4","","","",""
"CD1100","1","Catedra","Martes","16:15","17:45"
"CD1100","1","Laboratorio","Martes","18:00","19:30"
"CD1100","2","Catedra","Miércoles","08:30","10:00"
"CD1100","2","Laboratorio","Miércoles","10:15","11:45"
"CD1100","3","Catedra","Miércoles","08:30","10:00"
"CD1100","3","Laboratorio","Miércoles","10:15","11:45"
"CD1100","4","Catedra","Miércoles","08:30","10:00"
"CD1100","4","Laboratorio","Miércoles","10:15","11:45"
"CD1100","5","Catedra","Lunes","08:30","10:00"
"CD1100","5","Laboratorio","Lunes","10:15","11:45"
"CD1100","6","Catedra","Jueves","16:15","17:45"
"CD1100","6","Laboratorio","Jueves","18:00","19:30"
"CD1100","7","Catedra","Martes","14:30","16:00"
"CD1100","7","Laboratorio","Martes","16:15","17:45"
"CD1100","8","Catedra","Martes","14:30","16:00"
"CD1100","8","Laboratorio","Martes","16:15","17:45"
"CD1100","9","Catedra","Lunes","08:30","10:00"
"CD1100","9","Laboratorio","Lunes","10:15","11:45"
"CD1100","10","Catedra","Martes","08:30","10:00"
"CD1100","10","Laboratorio","Jueves","08:30","10:00"
"CD1100","11","Catedra","Martes","18:00","19:30"
"CD1100","11","Laboratorio","Jueves","18:00","19:30"
"CD1201","1","Catedra","Miércoles","14:30","16:00"
"CD1201","1","Laboratorio","Miércoles","16:15","17:45"
"CD2201","1","Catedra","Viernes","14:30","16:00"
"CD2201","2","Catedra","Martes","18:00","19:30"
"CD2201","3","Catedra","Viernes","12:00","13:30"
"CD2201","4","Catedra","Viernes","12:00","13:30"
"CD2201","5","Catedra","Viernes","14:30","16:00"
"CD3001","1","Catedra","Lunes","18:00","19:30"
"EI3001","1","Catedra","Lunes","16:15","17:45"
"EI3001","1","Laboratorio","Lunes","14:30","16:00"
"EI4001","1","Laboratorio","Lunes","14:30","17:45"
"EI4002","1","Catedra","Martes","18:00","19:30"
"EI4002","1","Laboratorio","Jueves","18:00","19:30"
"IO4100","1","Catedra","Lunes","18:00","19:30"
"EI3002","1","Catedra","Miércoles","16:15","17:45"
"EL3003","1","Catedra","Martes","10:00","12:00"
"EL3003","1","Laboratorio","Miércoles","08:00","12:00"
"EL3003","2","Catedra","Martes","10:00","12:00"
"EL3003","2","Laboratorio","Viernes","14:00","18:00"
"EL3004","1","Catedra","Jueves","08:00","10:00"
"EL3004","1","Auxiliar","Martes","14:00","16:00"
"EL3005","1","Catedra","Miércoles","16:15","17:45"
"EL3005","1","Auxiliar","Lunes","14:30","16:00"
"EL3006","1","Catedra","Jueves","12:00","14:00"
"EL3101","1","Catedra","Jueves","08:00","10:00"
"EL3101","1","Auxiliar","Viernes","14:00","18:00"
"EL3101","2","Catedra","Jueves","08:30","10:00"
"EL3101","2","Auxiliar","Miércoles","08:00","12:00"
"EL3102","1","Catedra","Jueves","10:15","11:45"
"EL3102","1","Auxiliar","Lunes","14:00","16:00"
"EL3102","1","Laboratorio","Jueves","14:00","18:00"
"EL3102","2","Catedra","Jueves","10:15","11:45"
"EL3102","2","Auxiliar","Lunes","14:00","16:00"
"EL3102","2","Laboratorio","Miércoles","14:00","18:00"
"EL3103","1","Catedra","Viernes","10:15","11:45"
"EL3103","1","Auxiliar","Martes","16:15","17:45"
"EL3103","2","Catedra","Viernes","10:15","11:45"
"EL3103","2","Auxiliar","Martes","16:15","17:45"
"EL3104","1","Catedra","Jueves","12:00","13:30"
"EL3104","1","Auxiliar","Lunes","12:00","13:30"
"EL3105","1","Catedra","Viernes","18:00","19:30"
"EL3105","1","Auxiliar","Lunes","18:00","20:00"
"EL3105","2","Catedra","Viernes","12:00","13:30"
"EL3105","2","Auxiliar","Lunes","18:00","20:00"
"EL3105","3","Catedra","Miércoles","14:30","17:45"
"EL3105","3","Auxiliar","Lunes","18:00","20:00"
"EL4001","1","Catedra","Viernes","10:00","12:00"
"EL4001","1","Auxiliar","Viernes","14:00","16:00"
"EL4002","1","Catedra","Jueves","10:15","11:45"
"EL4002","1","Auxiliar","Viernes","16:00","18:00"
"EL4002","1","Laboratorio","Jueves","14:00","18:00"
"EL4002","2","Catedra","Jueves","10:00","12:00"
"EL4002","2","Auxiliar","Viernes","16:00","18:00"
"EL4002","2","Laboratorio","Miércoles","14:00","18:00"
"EL4003","1","Catedra","Viernes","12:00","13:30"
"EL4003","1","Auxiliar","Martes","16:15","17:45"
"EL4004","1","Catedra","Jueves","12:00","13:30"
"EL4004","1","Auxiliar","Viernes","12:00","14:00"
"EL4005","1","Catedra","Miércoles","14:30","16:00"
"EL4005","1","Auxiliar","Miércoles","16:15","17:45"
"EL4005","2","Catedra","Miércoles","14:30","16:00"
"EL4005","2","Auxiliar","Miércoles","16:15","17:45"
"EL4030","1","","","",""
"EL4030","2","","","",""
"EL4102","1","Catedra","Miércoles","10:15","11:45"
"EL4103","1","Catedra","Viernes","10:00","12:00"
"EL4103","1","Auxiliar","Miércoles","18:00","20:00"
"EL4105","1","Catedra","Jueves","10:15","11:45"
"EL4105","1","Auxiliar","Jueves","14:00","16:00"
"EL4106","1","Catedra","Jueves","14:30","16:00"
"EL4107","1","Catedra","Jueves","16:00","18:00"
"EL4107","1","Auxiliar","Martes","14:30","16:00"
"EL4108","1","Catedra","Jueves","16:15","17:45"
"EL4108","1","Auxiliar","Viernes","14:30","16:00"
"EL4901","1","","","",""
"EL4901","2","","","",""
"EL5001","1","Catedra","Miércoles","18:00","19:30"
"EL5001","2","Catedra","Lunes","18:00","19:30"
"EL5001","3","Catedra","Lunes","08:30","10:00"
"EL5002","1","Catedra","Miércoles","10:15","11:45"
"EL5002","2","Catedra","Jueves","10:15","11:45"
"EL5003","1","Catedra","Lunes","18:00","19:30"
"EL5003","2","Catedra","Jueves","18:00","19:30"
"EL5003","3","Catedra","Viernes","16:15","17:45"
"EL5003","4","Catedra","Miércoles","18:00","19:30"
"EL5004","1","Catedra","Lunes","18:00","19:30"
"EL5004","2","Catedra","Lunes","12:00","13:30"
"EL5004","3","Catedra","Viernes","10:15","11:45"
"EL5030","1","","","",""
"EL5030","2","","","",""
"EL5030","3","","","",""
"EL5202","1","Catedra","Viernes","14:00","16:00"
"EL5202","1","Laboratorio","Martes","12:00","16:00"
"EL5203","1","Catedra","Viernes","12:00","13:30"
"EL5203","1","Auxiliar","Viernes","14:30","18:00"
"EL5204","1","Catedra","Viernes","12:00","13:30"
"EL5204","1","Auxiliar","Viernes","14:30","18:00"
"EL5205","1","Catedra","Miércoles","16:15","19:30"
"EL5206","1","Catedra","Jueves","16:00","20:00"
"EL5206","1","Auxiliar","Lunes","18:00","20:00"
"EL5206","2","Catedra","Jueves","16:00","20:00"
"EL5206","2","Auxiliar","Lunes","18:00","20:00"
"EL5207","1","Laboratorio","Viernes","08:30","11:45"
"EL5900","1","Catedra","Jueves","14:30","16:00"
"EL5901","1","","","",""
"EL5901","2","","","",""
"EL5901","3","","","",""
"EL6000","1","Catedra","Viernes","10:15","11:45"
"EL6000","1","Auxiliar","Viernes","16:15","17:45"
"EL6010","1","Catedra","Miércoles","16:15","17:45"
"EL6010","1","Auxiliar","Viernes","10:15","11:45"
"EL6011","1","Catedra","Jueves","18:00","21:00"
"EL6015","1","Catedra","Jueves","08:30","10:00"
"EL6018","1","Catedra","Jueves","18:00","19:30"
"EL6020","1","Catedra","Miércoles","14:30","17:45"
"EL6020","2","Catedra","Miércoles","14:30","17:45"
"EL6020","3","Catedra","Miércoles","14:30","17:45"
"EL6023","1","Catedra","Viernes","12:00","13:30"
"EL6025","1","Catedra","Miércoles","08:30","10:00"
"EL6025","1","Auxiliar","Jueves","08:30","10:00"
"EL6030","1","","","",""
"EL6030","2","","","",""
"EL6045","1","Catedra","Jueves","10:15","11:45"
"EL6046","1","Catedra","Lunes","18:00","19:30"
"EL6048","1","Catedra","Miércoles","14:00","18:00"
"EL6050","1","Catedra","Jueves","08:30","10:00"
"EL6801","1","","","",""
"EL6802","1","","","",""
"EL6803","1","","","",""
"EL6908","1","Catedra","Martes","16:15","17:45"
"EL6908","2","Catedra","Martes","16:15","17:45"
"EL6908","3","Catedra","Martes","12:00","13:30"
"EL6908","4","Catedra","Viernes","16:15","17:45"
"EL6909","1","Catedra","Martes","14:00","16:00"
"EL6909","2","","","",""
"EL7020","1","Catedra","Jueves","08:00","10:00"
"EL7020","1","Auxiliar","Martes","18:00","19:30"
"EL7021","1","","","",""
"EL7023","1","Catedra","Jueves","12:00","13:30"
"EL7026","1","","","",""
"EL7027","1","","","",""
"EL7031","1","Catedra","Viernes","12:00","13:30"
"EL7032","1","Catedra","Jueves","14:00","16:00"
"EL7037","1","","","",""
"EL7038","1","Catedra","Jueves","08:30","10:00"
"EL7039","1","Catedra","Viernes","12:00","13:30"
"EL7041","1","Catedra","Miércoles","10:15","11:45"
"EL7041","1","Auxiliar","Miércoles","16:15","17:45"
"EL7043","1","Catedra","Jueves","12:00","13:30"
"EL7043","1","Auxiliar","Lunes","12:00","13:30"
"EL7044","1","Catedra","Jueves","10:15","11:45"
"EL7044","1","Auxiliar","Lunes","14:30","16:00"
"EL7045","1","Catedra","Jueves","14:30","16:00"
"EL7045","1","Auxiliar","Viernes","10:00","12:00"
"EL7049","1","","","",""
"EL7050","1","","","",""
"EL7052","1","Catedra","Lunes","10:15","13:30"
"EL7052","1","Auxiliar","Lunes","14:00","16:00"
"EL7806","1","","","",""
"EL7850","1","","","",""
"EL7907","1","","","",""
"EL7908","1","","","",""
"DPDIIGEWCBO10","1","","","",""
"DPDIIGEWKLC01","1","","","",""
"DPDIIGEWKLC02","1","","","",""
"DPDIIGEWKLC03","1","","","",""
"DPDIIGEWKLC05","1","","","",""
"DPDIIGEWKLC06","1","","","",""
"CECSPDIMPN01","1","","","",""
"CEDICLEANC07","1","","","",""
"CEDIIDGPWK01","1","","","",""
"CEPOSADSER01","1","","","",""
"CEPOSIRISO01","1","","","",""
"CEPOSIRISO02","1","","","",""
"CEPOSIRISO02","2","","","",""
"DPDIECCDBC01","1","","","",""
"DPDIECCDBC04","1","","","",""
"DPDIECCDBC05","1","","","",""
"DPDIECCDBC06","1","","","",""
"DPDIIGEVCB01","1","","","",""
"DPDIIGEVCB02","1","","","",""
"DPDIIGEVCB03","1","","","",""
"DPDIIGEVCB04","1","","","",""
"DPDIIGEVCB05","1","","","",""
"DPDIIGEVCB06","1","","","",""
"DPDIIGEWCBO6","1","","","",""
"DPDIIGEWCBO7","1","","","",""
"DPDIIGEWCBO8","1","","","",""
"DPDIIGEWCBO9","1","","","",""
"DPDIMINGADM1","1","","","",""
"DPDIMINGADM2","1","","","",""
"DPDIMINGADM3","1","","","",""
"DPDIMINGADM6","1","","","",""
"DPDIMINGMM03","1","","","",""
"DPDIMINGMM09","1","","","",""
"DPDIMINGMM10","1","","","",""
"DPDIMINGMM13","1","","","",""
"DPDIMINGMM14","1","","","",""
"CEDIIINGP01","1","","","",""
"CEPOSTCTI01","1","","","",""
"CEPOSTCTI01","2","","","",""
"DEPOSINNC01","1","","","",""
"DEPOSINNC02","1","","","",""
"DEPOSINNC03","1","","","",""
"DEPOSINNC04","1","","","",""
"DEPOSINNC05","1","","","",""
"DEPOSINNC06","1","","","",""
"DEPOSINNC07","1","","","",""
"DEPOSINNC08","1","","","",""
"DPDGHMMA001","1","","","",""
"DPDICDPIC01","1","","","",""
"DPDICDPIC02","1","","","",""
"DPDICDPIC03","1","","","",""
"DPDICDPIC04","1","","","",""
"DPDICIEDS01","1","","","",""
"DPDICIEDS02","1","","","",""
"DPDICIEDS03","1","","","",""
"DPDICIEDS04","1","","","",""
"DPDICIEDS05","1","","","",""
"DPDICIEDS06","1","","","",""
"DPDICIEDS07","1","","","",""
"DPDICIEDS08","1","","","",""
"DPDIIGEWK09","1","","","",""
"DPDIIHDHC01","1","","","",""
"DPDIIHDHC01","2","","","",""
"DPDIIHDHC01","3","","","",""
"DPDIIHDHC02","1","","","",""
"DPDIIHDHC02","2","","","",""
"DPDIIHDHC02","3","","","",""
"DPDIIHDHC03","1","","","",""
"DPDIIHDHC03","2","","","",""
"DPDIIHDHC03","3","","","",""
"DPDIIHDHC04","1","","","",""
"DPDIIHDHC04","2","","","",""
"DPDIIHDHC04","3","","","",""
"DPDIIHDHC05","1","","","",""
"DPDIIHDHC05","2","","","",""
"DPDIIHDHC05","3","","","",""
"DPDIMEOGA01","1","","","",""
"DPDIMEOGA02","1","","","",""
"DPDIMEOGA03","1","","","",""
"DPDIMEOGA04","1","","","",""
"DPDIMEOGA05","1","","","",""
"DPDIMEOGA06","1","","","",""
"DPDIMEOGA07","1","","","",""
"DPDIMEOGA08","1","","","",""
"DPDIMEOGA09","1","","","",""
"DPDIMINEG01","1","","","",""
"DPDIMINEG02","1","","","",""
"DPDIMINEM01","1","","","",""
"DPDIMINEM02","1","","","",""
"DPDIMINEM05","1","","","",""
"DPDIMINEM08","1","","","",""
"DPDIMINEM10","1","","","",""
"DPDIMINEM11","1","","","",""
"CEDICBIM01","1","","","",""
"CEDIIACA04","1","","","",""
"CEDIIACA05","1","","","",""
"CEDIINYC01","1","","","",""
"CEEPECRP01","1","","","",""
"CEPOSIES01","1","","","",""
"CEPOSPBI01","1","","","",""
"DPDICTES01","1","","","",""
"DPDICTES02","1","","","",""
"DPDICTES03","1","","","",""
"DPDICTES11","1","","","",""
"DPDICTES41","1","","","",""
"DPDICTES42","1","","","",""
"DPDIIGDE09","1","","","",""
"DPDIIPEP01","1","","","",""
"DPDIIPEP02","1","","","",""
"DPDIIPEP03","1","","","",""
"DPDIIPEP04","1","","","",""
"DPDIIPEP05","1","","","",""
"DPDIIPEP06","1","","","",""
"DPDIIPEP07","1","","","",""
"DPDIIPEP08","1","","","",""
"DPDIMCMG01","1","","","",""
"DPDIMCMG03","1","","","",""
"DPDIMCMG07","1","","","",""
"DPDIMCMG08","1","","","",""
"DPDIMCMG09","1","","","",""
"DPDIMCMG14","1","","","",""
"DPDIMCMG16","1","","","",""
"DPDIMCMG17","1","","","",""
"DPDIMCMG19","1","","","",""
"DPDIMCMG20","1","","","",""
"DPDIMCMG21","1","","","",""
"DPEPECAC01","1","","","",""
"DPEPECAC02","1","","","",""
"DPEPECAC03","1","","","",""
"DPEPECAC04","1","","","",""
"DPEPECAC05","1","","","",""
"CEDIILM01","1","","","",""
"DPDICIR01","1","","","",""
"DPDICIR02","1","","","",""
"DPDICIR03","1","","","",""
"DPDICIR04","1","","","",""
"DPDICIR05","1","","","",""
"DPDICIR06","1","","","",""
"DPDICIR07","1","","","",""
"DPDICIR08","1","","","",""
"DPDIIIN01","1","","","",""
"DPEPCDA01","1","","","",""
"DPPRUEBA","1","","","",""
"MDS7201","1","Catedra","Jueves","08:30","10:00"
"MDS7202","1","Catedra","Miércoles","16:15","17:45"
"MDS7202","1","Auxiliar","Viernes","16:15","17:45"
"MIE7101","1","Catedra","Martes","12:00","13:30"
"MIE7101","1","Auxiliar","Martes","18:00","19:30"
"MIE7102","1","Catedra","Martes","14:30","16:00"
"MIE7102","1","Auxiliar","Martes","16:15","17:45"
"MIE7103","1","Catedra","Miércoles","16:15","17:45"
"MIE7104","1","Catedra","Lunes","14:30","17:45"
"EP0001","1","","","",""
"EP2201","1","","","",""
"EP3203","1","","","",""
"EP4205","1","","","",""
"EP4205","2","Catedra","Jueves","18:00","20:00"
"EP5206","1","","","",""
"EP7001","1","Catedra","Lunes","10:15","13:30"
"EP7003","1","Catedra","Lunes","16:15","17:45"
"EP9000","1","","","",""
"EP80A","1","","","",""
"EP80B","1","","","",""
"EP80C","1","","","",""
"EP80D","1","","","",""
"EP80E","1","","","",""
"EP80F","1","","","",""
"EP91A","1","","","",""
"EP91B","1","","","",""
"EP91C","1","","","",""
"EP91D","1","","","",""
"EP91E","1","","","",""
"EP91F","1","","","",""
"EP91G","1","","","",""
"EP91H","1","","","",""
"EP91I","1","","","",""
"EP91J","1","","","",""
"EP700","1","","","",""
"EP900","1","","","",""
"EP901","1","","","",""
"FD701","1","Catedra","Jueves","10:15","11:45"
"FD702","1","","","",""
"FD705","1","","","",""
"FD705","2","","","",""
"ES-0000","0000","","","",""
"ES1001","1","","","",""
"ES1001","2","","","",""
"ES1001","3","","","",""
"ES1001","4","","","",""
"MOVEC2","1","","","",""
"MOVEC4","1","","","",""
"MOV1","1","","","",""
"VA-01-0327-17","01","Catedra","Miércoles","16:30","18:00"
"VA-01-0327-18","01","Catedra","Lunes","14:30","16:00"
"VA-01-0327-20","01","Catedra","Jueves","17:00","18:30"
"VA-01-0327-22","01","Catedra","Jueves","15:00","16:30"
"VA-01-0327-30","01","Catedra","Martes","15:00","16:30"
"VA-01-0327-31","01","Catedra","Miércoles","14:30","16:00"
"VA-01-0327-33","01","Catedra","Lunes","15:00","16:30"
"VA-01-0327-40","01","Catedra","Lunes","15:00","16:30"
"VA-01-0327-41","01","Catedra","Viernes","14:30","16:00"
"VA-01-0327-42","01","Catedra","Jueves","12:00","13:30"
"VA-01-0327-43","01","Catedra","Martes","12:00","13:30"
"VA-01-0327-44","01","Catedra","Sábado","10:00","11:30"
"VA-01-0327-51","01","Catedra","Miércoles","14:00","15:30"
"VA-01-0327-53","01","Catedra","Jueves","16:00","18:00"
"VA-01-0327-54","01","Catedra","Martes","16:30","18:00"
"VA-01-0327-55","01","Catedra","Jueves","18:00","19:30"
"VA-01-0327-56","01","Catedra","Miércoles","15:00","16:00"
"VA-01-0327-57","01","Catedra","Jueves","17:00","18:30"
"VA-01-0327-58","01","Catedra","Martes","16:00","17:30"
"VA-01-0327-59","01","Catedra","Jueves","18:00","19:30"
"VA-01-0327-60","01","Catedra","Miércoles","14:30","16:00"
"VA-01-0327-61","01","Catedra","Miércoles","19:00","20:30"
"VA-01-0327-62","01","Catedra","Martes","17:00","18:30"
"VA-01-0327-64","01","Catedra","Miércoles","16:00","17:30"
"VA-01-0327-65","01","Catedra","Lunes","18:00","19:30"
"VA-01-0327-66","01","Catedra","Jueves","16:15","17:45"
"VA-01-0324-1","01","Catedra","Lunes","14:30","16:00"
"VA-01-0327-2","01","Catedra","Jueves","15:00","16:30"
"VA-01-0331-1","01","Catedra","Martes","16:15","17:45"
"VA-01-0280","01","Catedra","Lunes","14:30","16:00"
"VA-01-0311","01","Catedra","Martes","16:30","18:00"
"VA-01-0321","01","Catedra","Lunes","14:30","16:00"
"VA-01-0329","01","Catedra","Martes","16:00","17:30"
"VA-01-0333","01","Catedra","Miércoles","16:30","18:00"
"CFG2106","1","Catedra","Miércoles","17:00","18:30"
"CFG2205","1","","","",""
"FG6066","1","Catedra","Miércoles","14:30","16:00"
"FG6067","1","Catedra","Miércoles","16:15","17:45"
"FG6075","1","Catedra","Viernes","14:30","16:00"
"FG6097","1","Catedra","Miércoles","16:00","17:30"
"FG6135","1","Catedra","Miércoles","15:00","16:30"
"FI1000","1","Catedra","Jueves","10:15","11:45"
"FI1000","1","Auxiliar","Jueves","14:30","17:45"
"FI1000","1","Control","Miércoles","18:00","21:00"
"FI1000","2","Catedra","Jueves","10:15","11:45"
"FI1000","2","Auxiliar","Jueves","14:30","17:45"
"FI1000","2","Control","Miércoles","18:00","21:00"
"FI1000","3","Catedra","Jueves","10:15","11:45"
"FI1000","3","Auxiliar","Jueves","14:30","17:45"
"FI1000","3","Control","Miércoles","18:00","21:00"
"FI1000","4","Catedra","Jueves","10:15","11:45"
"FI1000","4","Auxiliar","Jueves","14:30","17:45"
"FI1000","4","Control","Miércoles","18:00","21:00"
"FI1000","5","Catedra","Jueves","12:00","13:30"
"FI1000","5","Auxiliar","Miércoles","08:30","11:45"
"FI1000","5","Control","Miércoles","18:00","21:00"
"FI1000","6","Catedra","Jueves","12:00","13:30"
"FI1000","6","Auxiliar","Miércoles","08:30","11:45"
"FI1000","6","Control","Miércoles","18:00","21:00"
"FI1000","7","Catedra","Jueves","12:00","13:30"
"FI1000","7","Auxiliar","Miércoles","08:30","11:45"
"FI1000","7","Control","Miércoles","18:00","21:00"
"FI1000","8","Catedra","Jueves","12:00","13:30"
"FI1000","8","Auxiliar","Miércoles","08:30","11:45"
"FI1000","8","Control","Miércoles","18:00","21:00"
"FI1100","1","Catedra","Jueves","12:00","13:30"
"FI1100","1","Auxiliar","Lunes","16:00","18:00"
"FI1100","1","Control","Viernes","18:00","21:00"
"FI2001","1","Catedra","Jueves","12:00","13:30"
"FI2001","1","Auxiliar","Viernes","14:00","16:00"
"FI2001","1","Control","Miércoles","18:00","21:00"
"FI2001","2","Catedra","Jueves","12:00","13:30"
"FI2001","2","Auxiliar","Viernes","14:00","16:00"
"FI2001","2","Control","Miércoles","18:00","21:00"
"FI2001","3","Catedra","Jueves","12:00","13:30"
"FI2001","3","Auxiliar","Viernes","14:00","16:00"
"FI2001","3","Control","Miércoles","18:00","21:00"
"FI2001","4","Catedra","Jueves","10:15","11:45"
"FI2001","4","Auxiliar","Viernes","16:00","18:00"
"FI2001","4","Control","Miércoles","18:00","21:00"
"FI2001","5","Catedra","Jueves","10:15","11:45"
"FI2001","5","Auxiliar","Viernes","16:00","18:00"
"FI2001","5","Control","Miércoles","18:00","21:00"
"FI2001","6","Catedra","Jueves","10:15","11:45"
"FI2001","6","Auxiliar","Viernes","16:00","18:00"
"FI2001","6","Control","Miércoles","18:00","21:00"
"FI2002","1","Catedra","Jueves","10:15","11:45"
"FI2002","1","Auxiliar","Viernes","18:00","20:00"
"FI2002","1","Control","Jueves","18:00","21:00"
"FI2002","2","Catedra","Jueves","14:30","16:00"
"FI2002","2","Auxiliar","Viernes","18:00","20:00"
"FI2002","2","Control","Jueves","18:00","21:00"
"FI2002","3","Catedra","Jueves","12:00","13:30"
"FI2002","3","Auxiliar","Lunes","18:00","20:00"
"FI2002","3","Control","Jueves","18:00","21:00"
"FI2003","1","Catedra","Lunes","12:00","13:30"
"FI2003","1","Laboratorio","Jueves","08:30","10:00"
"FI2003","2","Catedra","Viernes","10:15","11:45"
"FI2003","2","Laboratorio","Miércoles","10:15","11:45"
"FI2003","3","Catedra","Lunes","12:00","13:30"
"FI2003","3","Laboratorio","Jueves","08:30","10:00"
"FI2003","4","Catedra","Viernes","10:15","11:45"
"FI2003","4","Laboratorio","Miércoles","10:15","11:45"
"FI2004","1","Catedra","Jueves","08:30","10:00"
"FI2004","1","Auxiliar","Martes","18:00","20:00"
"FI2004","1","Control","Jueves","18:00","21:00"
"FI2004","2","Catedra","Jueves","10:15","11:45"
"FI2004","2","Auxiliar","Martes","18:00","20:00"
"FI2004","2","Control","Jueves","18:00","21:00"
"FI3001","1","Catedra","Viernes","10:15","11:45"
"FI3001","1","Auxiliar","Martes","14:30","16:00"
"FI3002","1","Catedra","Jueves","10:15","11:45"
"FI3002","1","Auxiliar","Jueves","14:30","16:00"
"FI3003","1","Laboratorio","Viernes","14:30","17:45"
"FI3003","2","Laboratorio","Viernes","10:15","13:30"
"FI3101","1","Catedra","Jueves","08:30","10:00"
"FI3101","1","Auxiliar","Martes","14:30","16:00"
"FI3102","1","Catedra","Jueves","16:15","17:45"
"FI3102","1","Auxiliar","Jueves","12:00","13:30"
"FI3104","1","Catedra","Viernes","12:00","13:30"
"FI3104","1","Auxiliar","Miércoles","08:30","10:00"
"FI4001","1","Catedra","Jueves","12:00","13:30"
"FI4001","1","Auxiliar","Jueves","16:15","17:45"
"FI4003","1","Auxiliar","Miércoles","14:30","17:45"
"FI4004","1","Catedra","Jueves","10:15","11:45"
"FI4004","1","Auxiliar","Jueves","14:30","16:00"
"FI4101","1","Catedra","Viernes","12:00","13:30"
"FI4101","1","Auxiliar","Martes","16:15","17:45"
"FI4104","1","Catedra","Jueves","12:00","13:30"
"FI4104","1","Auxiliar","Martes","14:30","16:00"
"FI4105","1","Catedra","Lunes","16:15","17:45"
"FI4106","1","","","",""
"FI5025","1","","","",""
"FI6005","1","","","",""
"FI6006","1","","","",""
"FI6010","1","","","",""
"FI7002","1","Catedra","Miércoles","16:15","17:45"
"FI7008","1","Catedra","Jueves","12:00","13:30"
"FI7009","1","","","",""
"FI7010","1","Catedra","Jueves","10:15","11:45"
"FI7011","1","Catedra","Jueves","18:00","19:30"
"FI7020","1","","","",""
"FI7023","1","","","",""
"FI797","1","","","",""
"FI798","1","","","",""
"FI896","1","","","",""
"FI897","1","","","",""
"FI898","1","","","",""
"FI899","1","","","",""
"GF3001","1","Catedra","Viernes","12:00","13:30"
"GF3001","1","Auxiliar","Viernes","14:30","16:00"
"GF3001","2","Catedra","Jueves","10:15","11:45"
"GF3001","2","Auxiliar","Viernes","14:30","16:00"
"GF3011","1","Catedra","Miércoles","10:15","11:45"
"GF3011","1","Auxiliar","Jueves","14:30","16:00"
"GF3022","1","Catedra","Jueves","10:15","11:45"
"GF3022","1","Auxiliar","Jueves","14:30","16:00"
"GF3022","2","Catedra","Miércoles","16:15","17:45"
"GF3022","2","Auxiliar","Jueves","14:30","16:00"
"GF3103","1","Catedra","Miércoles","14:30","16:00"
"GF3103","1","Auxiliar","Viernes","16:15","17:45"
"GF4001","1","Catedra","Jueves","12:00","13:30"
"GF4001","1","Auxiliar","Viernes","14:30","16:00"
"GF4001","2","Catedra","Viernes","12:00","13:30"
"GF4001","2","Auxiliar","Miércoles","14:30","16:00"
"GF4004","1","Catedra","Miércoles","10:15","11:45"
"GF4004","1","Auxiliar","Jueves","16:15","17:45"
"GF4006","1","Catedra","Jueves","14:30","16:00"
"GF4006","1","Auxiliar","Miércoles","16:15","17:45"
"GF4029","1","Catedra","Viernes","12:00","13:30"
"GF4029","1","Auxiliar","Martes","18:00","19:30"
"GF4901","1","","","",""
"GF5010","1","Catedra","Viernes","16:15","17:45"
"GF5010","1","Auxiliar","Viernes","18:00","19:30"
"GF5018","1","Catedra","Jueves","14:30","16:00"
"GF5070","1","Catedra","Miércoles","10:15","11:45"
"GF5071","1","","","",""
"GF7666","1","","","",""
"GF78A","1","Catedra","Jueves","18:00","19:30"
"GF78C","1","Catedra","Miércoles","18:00","19:30"
"GF601","1","Catedra","Lunes","14:30","16:00"
"GF601","1","Auxiliar","Miércoles","16:15","19:30"
"GF700","1","Catedra","Jueves","12:00","13:30"
"GF731","1","Catedra","Jueves","12:00","13:30"
"GF750","1","Catedra","Miércoles","16:15","17:45"
"GF750","1","Auxiliar","Viernes","16:15","19:30"
"GF790","1","","","",""
"GF791","1","","","",""
"GF797","1","","","",""
"GF798","1","","","",""
"GL3004","1","Catedra","Viernes","10:15","11:45"
"GL3004","1","Laboratorio","Martes","14:30","16:00"
"GL3101","1","Catedra","Jueves","10:15","11:45"
"GL3101","1","Laboratorio","Miércoles","14:00","16:00"
"GL3101","2","Catedra","Jueves","12:00","13:30"
"GL3101","2","Laboratorio","Lunes","14:30","16:00"
"GL3101","3","Catedra","Jueves","12:00","13:30"
"GL3101","3","Laboratorio","Miércoles","16:15","17:45"
"GL3102","1","Catedra","Jueves","08:30","10:00"
"GL3102","1","Auxiliar","Martes","14:00","16:00"
"GL3103","1","Catedra","Jueves","08:30","10:00"
"GL3103","1","Laboratorio","Lunes","14:30","17:45"
"GL3301","1","Catedra","Jueves","08:30","10:00"
"GL3301","1","Laboratorio","Lunes","14:30","17:45"
"GL3402","1","Catedra","Jueves","12:00","13:30"
"GL3402","1","Auxiliar","Miércoles","10:15","11:45"
"GL3402","2","Catedra","Jueves","12:00","13:30"
"GL3402","2","Auxiliar","Miércoles","14:30","16:00"
"GL4001","1","Catedra","Jueves","10:15","11:45"
"GL4001","1","Auxiliar","Viernes","10:15","11:45"
"GL4001","2","Catedra","Jueves","10:15","11:45"
"GL4001","2","Auxiliar","Viernes","10:15","11:45"
"GL4009","1","Catedra","Jueves","12:00","13:30"
"GL4010","1","","","",""
"GL4011","1","Catedra","Lunes","12:00","13:30"
"GL4012","1","Catedra","Viernes","14:30","16:00"
"GL4012","1","Auxiliar","Viernes","16:15","17:45"
"GL4017","1","Catedra","Viernes","14:30","16:00"
"GL4102","1","Catedra","Jueves","08:30","10:00"
"GL4102","1","Auxiliar","Jueves","14:30","16:00"
"GL4401","1","Catedra","Jueves","10:15","11:45"
"GL4401","1","Laboratorio","Jueves","14:30","16:00"
"GL4401","2","Catedra","Jueves","10:15","11:45"
"GL4401","2","Laboratorio","Viernes","14:30","16:00"
"GL4402","1","Catedra","Viernes","08:30","10:00"
"GL4402","1","Auxiliar","Viernes","16:15","17:45"
"GL4402","2","Catedra","Lunes","12:00","13:30"
"GL4402","2","Auxiliar","Lunes","16:15","17:45"
"GL4502","1","Catedra","Viernes","10:15","11:45"
"GL4502","1","Laboratorio","Lunes","10:15","11:45"
"GL4502","2","Catedra","Viernes","10:15","11:45"
"GL4502","2","Laboratorio","Martes","14:30","16:00"
"GL4503","1","Catedra","Jueves","12:00","13:30"
"GL4503","1","Auxiliar","Miércoles","14:30","16:00"
"GL4901","1","","","",""
"GL5003","1","Catedra","Jueves","16:15","17:45"
"GL5004","1","Catedra","Jueves","12:00","13:30"
"GL5005","1","Catedra","Jueves","08:30","10:00"
"GL5006","1","Catedra","Lunes","16:15","17:45"
"GL5006","1","Auxiliar","Miércoles","16:15","17:45"
"GL5010","1","","","",""
"GL5011","1","Catedra","Lunes","14:30","16:00"
"GL5014","1","Catedra","Lunes","10:15","11:45"
"GL5015","1","","","",""
"GL5020","1","Catedra","Miércoles","18:00","19:30"
"GL5020","1","Auxiliar","Martes","16:15","17:45"
"GL5022","1","Catedra","Lunes","18:00","19:30"
"GL5101","1","Catedra","Jueves","12:00","13:30"
"GL5101","1","Auxiliar","Miércoles","14:00","16:00"
"GL5102","1","","","",""
"GL5102","2","Catedra","Viernes","08:30","10:00"
"GL5102","2","Laboratorio","Jueves","16:00","18:00"
"GL5102","3","Catedra","Viernes","08:30","10:00"
"GL5102","3","Laboratorio","Viernes","10:00","12:00"
"GL5103","1","Catedra","Miércoles","10:15","11:45"
"GL5103","1","Laboratorio","Martes","14:30","16:00"
"GL5103","2","Catedra","Miércoles","10:15","11:45"
"GL5103","2","Laboratorio","Miércoles","14:30","16:00"
"GL5103","3","Catedra","Miércoles","10:15","11:45"
"GL5103","3","Laboratorio","Viernes","14:30","16:00"
"GL5114","1","Catedra","Jueves","14:30","16:00"
"GL5114","1","Auxiliar","Martes","14:30","16:00"
"GL5201","1","Catedra","Jueves","08:30","10:00"
"GL5201","1","Laboratorio","Jueves","14:30","16:00"
"GL5212","1","Catedra","Viernes","10:15","11:45"
"GL5212","1","Auxiliar","Viernes","14:30","16:00"
"GL5213","1","Catedra","Martes","12:00","13:30"
"GL5213","1","Auxiliar","Lunes","16:15","17:45"
"GL5311","1","Catedra","Martes","08:30","10:00"
"GL5311","1","Laboratorio","Miércoles","10:15","11:45"
"GL5311","2","Catedra","Martes","08:30","10:00"
"GL5311","2","Laboratorio","Jueves","10:15","11:45"
"GL5505","1","Catedra","Lunes","18:00","19:30"
"GL5901","1","","","",""
"GL6003","1","Catedra","Miércoles","08:30","10:00"
"GL6003","1","Auxiliar","Viernes","16:15","17:45"
"GL6006","1","Catedra","Martes","14:30","16:00"
"GL6006","1","Auxiliar","Martes","16:15","17:45"
"GL6101","1","Catedra","Martes","10:15","11:45"
"GL6101","1","Auxiliar","Jueves","10:15","11:45"
"GL6101","2","Catedra","Martes","10:15","11:45"
"GL6101","2","Auxiliar","Jueves","10:15","11:45"
"GL6301","1","Catedra","Lunes","10:15","13:30"
"GL6503","1","Catedra","Miércoles","16:15","17:45"
"GL6908","1","Catedra","Jueves","12:00","13:30"
"GL6909","1","","","",""
"GL6910","1","","","",""
"GL7010","1","","","",""
"GL71C","1","","","",""
"GL71D","1","","","",""
"GL74B","1","","","",""
"GL79C","1","","","",""
"GL79D","1","","","",""
"GL82B","1","","","",""
"GL91A","1","","","",""
"GL91C","1","","","",""
"GL91D","1","","","",""
"GL91E","1","","","",""
"GL91F","1","","","",""
"IN2201","1","Catedra","Viernes","08:30","10:00"
"IN2201","1","Control","Jueves","18:00","21:00"
"IN2201","2","Catedra","Viernes","10:15","11:45"
"IN2201","2","Control","Jueves","18:00","21:00"
"IN3101","1","Catedra","Miércoles","08:30","11:45"
"IN3101","1","Auxiliar","Lunes","16:15","17:45"
"IN3101","2","Catedra","Miércoles","08:30","11:45"
"IN3101","2","Auxiliar","Lunes","16:15","17:45"
"IN3141","1","Catedra","Viernes","08:30","10:00"
"IN3141","1","Auxiliar","Jueves","16:15","17:45"
"IN3141","2","Catedra","Viernes","08:30","10:00"
"IN3141","2","Auxiliar","Jueves","16:15","17:45"
"IN3142","1","Catedra","Lunes","14:30","17:45"
"IN3142","2","Catedra","Miércoles","08:30","11:45"
"IN3171","1","Catedra","Viernes","10:15","11:45"
"IN3171","1","Auxiliar","Miércoles","16:15","17:45"
"IN3171","2","Catedra","Viernes","10:15","11:45"
"IN3171","2","Auxiliar","Miércoles","16:15","17:45"
"IN3202","1","Catedra","Jueves","10:15","11:45"
"IN3202","1","Auxiliar","Miércoles","16:15","17:45"
"IN3301","1","Catedra","Viernes","08:30","10:00"
"IN3301","1","Auxiliar","Martes","18:00","19:30"
"IN3301","2","Catedra","Jueves","18:00","19:30"
"IN3301","2","Auxiliar","Martes","18:00","19:30"
"IN3301","3","Catedra","Jueves","12:00","13:30"
"IN3301","3","Auxiliar","Martes","18:00","19:30"
"IN3301","4","Catedra","Viernes","14:30","16:00"
"IN3301","4","Auxiliar","Martes","18:00","19:30"
"IN3301","5","Catedra","Jueves","18:00","19:30"
"IN3301","5","Auxiliar","Martes","18:00","19:30"
"IN3401","1","Catedra","Jueves","12:00","13:30"
"IN3401","1","Auxiliar","Viernes","14:30","16:00"
"IN3501","1","Catedra","Viernes","12:00","13:30"
"IN3501","1","Auxiliar","Martes","16:15","17:45"
"IN3702","1","Catedra","Viernes","10:15","11:45"
"IN3702","1","Auxiliar","Martes","14:30","16:00"
"IN3856","1","Catedra","Lunes","12:00","13:30"
"IN4002","1","Catedra","Miércoles","08:30","11:45"
"IN4002","1","Auxiliar","Lunes","12:00","13:30"
"IN4002","2","Catedra","Miércoles","08:30","11:45"
"IN4002","2","Auxiliar","Lunes","12:00","13:30"
"IN4002","3","Catedra","Miércoles","08:30","11:45"
"IN4002","3","Auxiliar","Lunes","12:00","13:30"
"IN4137","1","Catedra","Martes","08:30","10:00"
"IN4148","1","Catedra","Miércoles","10:15","11:45"
"IN4203","1","Catedra","Jueves","16:15","17:45"
"IN4203","1","Auxiliar","Viernes","16:15","17:45"
"IN4203","2","Catedra","Jueves","16:15","17:45"
"IN4203","2","Auxiliar","Viernes","16:15","17:45"
"IN4301","1","","","",""
"IN4302","1","Catedra","Viernes","10:15","11:45"
"IN4302","1","Auxiliar","Martes","14:30","16:00"
"IN4336","1","","","",""
"IN4402","1","Catedra","Viernes","12:00","13:30"
"IN4402","1","Auxiliar","Martes","16:15","17:45"
"IN4402","2","Catedra","Viernes","10:15","11:45"
"IN4402","2","Auxiliar","Martes","16:15","17:45"
"IN4524","1","Catedra","Jueves","18:00","19:30"
"IN4532","1","Catedra","Martes","14:30","17:45"
"IN4535","1","Catedra","Martes","16:15","17:45"
"IN4535","1","Auxiliar","Martes","18:00","19:30"
"IN4601","1","Catedra","Viernes","14:30","16:00"
"IN4601","1","Auxiliar","Miércoles","14:30","16:00"
"IN4703","1","Catedra","Jueves","12:00","13:30"
"IN4703","1","Auxiliar","Lunes","18:00","19:30"
"IN4703","2","Catedra","Jueves","12:00","13:30"
"IN4703","2","Auxiliar","Lunes","18:00","19:30"
"IN4704","1","Catedra","Jueves","10:15","11:45"
"IN4704","1","Auxiliar","Miércoles","16:15","17:45"
"IN4847","1","Catedra","Miércoles","10:15","11:45"
"IN4852","1","Catedra","Lunes","14:30","17:45"
"IN4859","1","Catedra","Jueves","16:15","17:45"
"IN4859","1","Auxiliar","Viernes","16:15","17:45"
"IN4901","1","","","",""
"IN4901","2","","","",""
"IN5003","1","Catedra","Jueves","08:30","10:00"
"IN5101","1","Catedra","Jueves","16:15","17:45"
"IN5101","1","Auxiliar","Viernes","12:00","13:30"
"IN5134","1","Catedra","Jueves","10:15","11:45"
"IN5149","1","Catedra","Lunes","16:15","17:45"
"IN5204","1","Catedra","Jueves","12:00","13:30"
"IN5204","1","Auxiliar","Lunes","18:00","19:30"
"IN5204","2","Catedra","Jueves","12:00","13:30"
"IN5204","2","Auxiliar","Lunes","18:00","19:30"
"IN5226","1","Catedra","Miércoles","14:30","17:45"
"IN5226","1","Auxiliar","Jueves","16:15","17:45"
"IN5303","1","Catedra","Viernes","10:15","11:45"
"IN5303","1","Auxiliar","Martes","14:30","16:00"
"IN5303","2","Catedra","Viernes","08:30","10:00"
"IN5303","2","Auxiliar","Martes","14:30","16:00"
"IN5322","1","Catedra","Jueves","12:00","13:30"
"IN5322","1","Auxiliar","Viernes","14:30","16:00"
"IN5324","1","Catedra","Lunes","12:00","13:30"
"IN5502","1","Catedra","Jueves","10:15","11:45"
"IN5502","1","Auxiliar","Viernes","14:30","16:00"
"IN5602","1","Catedra","Jueves","10:15","11:45"
"IN5602","1","Auxiliar","Miércoles","14:30","16:00"
"IN5602","2","Catedra","Jueves","12:00","13:30"
"IN5602","2","Auxiliar","Miércoles","14:30","16:00"
"IN5625","1","Catedra","Lunes","14:30","17:45"
"IN5625","1","Auxiliar","Martes","18:00","19:30"
"IN5629","1","Catedra","Lunes","08:30","10:00"
"IN5629","1","Auxiliar","Viernes","08:30","10:00"
"IN5824","1","Catedra","Martes","08:30","10:00"
"IN5857","1","Catedra","Jueves","18:00","19:30"
"IN5858","1","Catedra","Viernes","08:30","11:45"
"IN5860","1","Catedra","Jueves","16:15","19:30"
"IN5902","1","","","",""
"IN5902","2","","","",""
"IN5902","3","","","",""
"IN5902","4","","","",""
"IN5921","1","","","",""
"IN5924","1","","","",""
"IN6004","1","Catedra","Martes","18:00","21:00"
"IN6004","2","Catedra","Miércoles","08:30","11:45"
"IN6004","3","Catedra","Miércoles","08:30","11:45"
"IN6004","4","Catedra","Miércoles","08:30","11:45"
"IN6004","5","Catedra","Miércoles","08:30","11:45"
"IN6534","1","","","",""
"IN6854","1","Catedra","Lunes","12:00","13:30"
"IN6903","1","","","",""
"IN6903","2","","","",""
"IN6903","3","","","",""
"IN6903","4","","","",""
"IN6903","5","","","",""
"IN6908","1","Catedra","Lunes","08:30","11:45"
"IN6908","2","Catedra","Miércoles","18:00","21:00"
"IN6908","3","Catedra","Jueves","18:00","21:00"
"IN6908","4","Catedra","Viernes","14:30","17:45"
"IN6908","5","Catedra","Jueves","14:30","17:45"
"IN6908","6","Catedra","Lunes","18:00","21:00"
"IN6908","7","Catedra","Lunes","08:30","11:45"
"IN6908","8","Catedra","Lunes","18:00","21:00"
"IN6908","9","Catedra","Lunes","18:00","21:00"
"IN6908","10","Catedra","Miércoles","18:00","21:00"
"IN6908","11","Catedra","Jueves","08:30","11:45"
"IN6908","12","","","",""
"IN6908","13","","","",""
"IN6909","1","Catedra","Lunes","08:30","11:45"
"IN6909","2","Catedra","Miércoles","18:00","21:00"
"IN6909","3","Catedra","Jueves","18:00","21:00"
"IN6909","4","Catedra","Viernes","14:30","17:45"
"IN6909","5","Catedra","Jueves","14:30","17:45"
"IN6909","6","Catedra","Lunes","18:00","21:00"
"IN6909","7","Catedra","Lunes","08:30","11:45"
"IN6909","8","Catedra","Lunes","18:00","21:00"
"IN6909","9","Catedra","Lunes","18:00","21:00"
"IN6909","10","Catedra","Miércoles","18:00","21:00"
"IN6910","1","","","",""
"IN6923","1","","","",""
"IN6925","1","","","",""
"IN6926","1","Catedra","Viernes","12:00","13:30"
"IN6926","2","Catedra","Viernes","12:00","13:30"
"IN6926","3","Catedra","Viernes","14:30","16:00"
"IN6926","4","Catedra","Viernes","12:00","13:30"
"IN6926","5","Catedra","Viernes","14:30","16:00"
"IN6926","6","Catedra","Viernes","14:30","16:00"
"IN6926","7","","","",""
"IN7100","1","","","",""
"IN7104","1","","","",""
"IN7106","1","","","",""
"IN7108","1","","","",""
"IN7304","1","","","",""
"IN7305","1","","","",""
"IN7306","1","","","",""
"IN7307","1","","","",""
"IN7308","1","","","",""
"IN7500","1","","","",""
"IN7501","1","","","",""
"IN7504","1","Catedra","Jueves","10:15","11:45"
"IN7505","1","Catedra","Viernes","12:00","13:30"
"IN7560","1","Catedra","Martes","18:00","21:00"
"IN7561","1","Catedra","Lunes","18:00","21:00"
"IN7562","1","Catedra","Martes","18:00","21:00"
"IN7563","1","Catedra","Lunes","18:00","21:00"
"IN7564","1","Catedra","Lunes","18:00","21:00"
"IN7571","1","","","",""
"IN7581","1","Catedra","Martes","18:00","21:00"
"IN7584","1","Catedra","Sábado","08:30","11:45"
"IN7590","1","Catedra","Viernes","18:00","21:00"
"IN7595","1","Catedra","Jueves","18:00","21:00"
"IN7597","1","","","",""
"IN7598","1","Catedra","Miércoles","18:00","21:00"
"IN7600","1","Catedra","Jueves","14:30","16:00"
"IN7600","1","Auxiliar","Viernes","16:15","17:45"
"IN7602","1","","","",""
"IN7603","1","","","",""
"IN7613","1","Catedra","Martes","16:15","17:45"
"IN7614","1","","","",""
"IN7615","1","Catedra","Viernes","12:00","13:30"
"IN7616","1","Catedra","Martes","16:15","17:45"
"IN7616","1","Auxiliar","Viernes","16:15","17:45"
"IN8564","1","Catedra","Lunes","18:00","21:00"
"EP600","1","","","",""
"EP601","1","","","",""
"IN7A0","1","","","",""
"IN7A1","1","","","",""
"IN7A1","2","","","",""
"IN7A2","1","","","",""
"IN7A2","2","","","",""
"IN7A6","1","","","",""
"IN7A9","1","","","",""
"IN7E5","1","Catedra","Jueves","12:00","13:30"
"IN7E5","1","Auxiliar","Martes","16:15","17:45"
"IN7G3","1","Catedra","Jueves","18:00","21:00"
"IN7G4","1","Catedra","Sábado","08:30","13:30"
"IN7G8","1","Catedra","Martes","14:30","17:45"
"IN7H0","1","","","",""
"IN7H6","1","","","",""
"IN7M0","1","","","",""
"IN7M1","1","","","",""
"IN7M2","1","","","",""
"IN7M3","1","","","",""
"IN7M6","1","","","",""
"IN7M7","1","","","",""
"IN7M8","1","","","",""
"IN7N1","1","","","",""
"IN7N1","2","","","",""
"IN7N1","3","","","",""
"IN7N1","4","","","",""
"IN7N2","1","","","",""
"IN7N2","2","","","",""
"IN7N4","1","","","",""
"IN7N6","1","","","",""
"IN7N8","1","","","",""
"IN7N9","1","","","",""
"IN7Q1","1","","","",""
"IN7Q4","1","","","",""
"IN7S7","1","Catedra","Martes","18:00","21:00"
"IN7T2","1","Catedra","Lunes","18:00","21:00"
"IN7T3","1","Catedra","Miércoles","18:00","21:00"
"IN7T5","1","","","",""
"IN7U3","1","Catedra","Lunes","14:30","17:45"
"IN7U4","1","Catedra","Lunes","18:00","21:00"
"IN7U5","1","Catedra","Sábado","08:30","13:30"
"IN70L","1","Catedra","Jueves","10:15","11:45"
"IN70L","1","Auxiliar","Miércoles","14:30","16:00"
"IN70M","1","","","",""
"IN70M","2","","","",""
"IN70M","3","","","",""
"IN70U","1","","","",""
"IN70U","2","","","",""
"IN70U","3","","","",""
"IN70W","1","","","",""
"IN70Z","1","","","",""
"IN71A","1","Catedra","Martes","18:00","21:00"
"IN71A","1","Auxiliar","Viernes","18:00","21:00"
"IN73C","1","Catedra","Miércoles","18:00","21:00"
"IN73C","1","Auxiliar","Viernes","18:00","21:00"
"IN73G","1","Catedra","Lunes","18:00","21:00"
"IN73G","1","Auxiliar","Viernes","18:00","21:00"
"IN73I","1","Catedra","Jueves","18:00","21:00"
"IN74A","1","Catedra","Miércoles","14:30","17:45"
"IN74A","2","Catedra","Miércoles","18:00","21:00"
"IN74M","1","","","",""
"IN74M","2","","","",""
"IN74M","3","","","",""
"IN74P","1","","","",""
"IN74R","1","","","",""
"IN74R","2","","","",""
"IN74S","1","","","",""
"IN74S","2","","","",""
"IN74V","1","","","",""
"IN74V","2","","","",""
"IN74W","1","","","",""
"IN75N","1","","","",""
"IN75N","2","","","",""
"IN75R","1","","","",""
"IN75S","1","","","",""
"IN75S","2","","","",""
"IN75T","1","","","",""
"IN75Y","1","Catedra","Jueves","14:30","16:00"
"IN75Y","1","Auxiliar","Jueves","16:15","17:45"
"IN76M","1","","","",""
"IN77N","1","","","",""
"IN77O","1","Catedra","Viernes","10:15","11:45"
"IN77O","1","Auxiliar","Miércoles","16:15","17:45"
"IN77P","1","","","",""
"IN77P","2","","","",""
"IN77R","1","","","",""
"IN77R","2","","","",""
"IN77R","3","","","",""
"IN78C","1","Catedra","Martes","14:30","17:45"
"IN78N","1","","","",""
"IN78N","2","","","",""
"IN79C","1","","","",""
"IN79C","2","","","",""
"IN79C","3","","","",""
"IN79C","4","","","",""
"IN79C","5","","","",""
"IN79C","6","","","",""
"IN79C","7","","","",""
"IN79C","8","","","",""
"IN79C","9","","","",""
"IN79C","10","","","",""
"IN79C","11","","","",""
"IN79C","12","","","",""
"IN79C","13","","","",""
"IN79C","14","","","",""
"IN79C","15","","","",""
"IN79J","1","Catedra","Lunes","18:00","21:00"
"IN79P","1","","","",""
"IN79P","2","","","",""
"IN79P","3","","","",""
"IN79R","1","","","",""
"IN79R","2","","","",""
"IN79R","3","","","",""
"IN79R","4","","","",""
"IN79R","5","","","",""
"IN79R","6","","","",""
"IN700","1","Catedra","Miércoles","10:15","11:45"
"IN700","1","Auxiliar","Jueves","10:15","11:45"
"IN701","1","Catedra","Miércoles","14:30","16:00"
"IN701","1","Auxiliar","Viernes","14:30","16:00"
"IN703","1","Catedra","Miércoles","08:30","10:00"
"IN703","1","Auxiliar","Viernes","08:30","10:00"
"IN709","1","Catedra","Jueves","14:30","16:00"
"IN709","1","Auxiliar","Viernes","10:15","11:45"
"IN787","1","","","",""
"IN793","1","Catedra","Lunes","16:15","17:45"
"MA1001","1","Catedra","Viernes","08:30","10:00"
"MA1001","1","Auxiliar","Lunes","16:00","18:00"
"MA1001","1","Control","Viernes","18:00","19:30"
"MA1001","2","Catedra","Viernes","08:30","10:00"
"MA1001","2","Auxiliar","Lunes","16:00","18:00"
"MA1001","2","Control","Viernes","18:00","19:30"
"MA1001","3","Catedra","Viernes","10:15","11:45"
"MA1001","3","Auxiliar","Lunes","16:00","18:00"
"MA1001","3","Control","Viernes","18:00","19:30"
"MA1001","4","Catedra","Viernes","08:30","10:00"
"MA1001","4","Auxiliar","Lunes","12:00","14:00"
"MA1001","4","Control","Viernes","18:00","19:30"
"MA1001","5","Catedra","Viernes","12:00","13:30"
"MA1001","5","Auxiliar","Lunes","14:00","16:00"
"MA1001","5","Control","Viernes","18:00","19:30"
"MA1001","6","Catedra","Viernes","12:00","13:30"
"MA1001","6","Auxiliar","Lunes","14:00","16:00"
"MA1001","6","Control","Viernes","18:00","19:30"
"MA1001","7","Catedra","Viernes","12:00","13:30"
"MA1001","7","Auxiliar","Lunes","14:00","16:00"
"MA1001","7","Control","Viernes","18:00","19:30"
"MA1001","8","Catedra","Viernes","12:00","13:30"
"MA1001","8","Auxiliar","Lunes","14:00","16:00"
"MA1001","8","Control","Viernes","18:00","19:30"
"MA1001","9","Catedra","Viernes","12:00","13:30"
"MA1001","9","Auxiliar","Lunes","14:00","16:00"
"MA1001","9","Control","Viernes","18:00","19:30"
"MA1002","1","Catedra","Viernes","10:15","11:45"
"MA1002","1","Auxiliar","Lunes","14:00","16:00"
"MA1002","1","Control","Viernes","18:00","21:00"
"MA1101","1","Catedra","Jueves","12:00","13:30"
"MA1101","1","Auxiliar","Viernes","16:00","18:00"
"MA1101","1","Control","Sábado","08:30","11:45"
"MA1101","2","Catedra","Jueves","12:00","13:30"
"MA1101","2","Auxiliar","Viernes","16:00","18:00"
"MA1101","2","Control","Sábado","08:30","11:45"
"MA1101","3","Catedra","Jueves","12:00","13:30"
"MA1101","3","Auxiliar","Viernes","16:00","18:00"
"MA1101","3","Control","Sábado","08:30","11:45"
"MA1101","4","Catedra","Jueves","12:00","13:30"
"MA1101","4","Auxiliar","Viernes","16:00","18:00"
"MA1101","4","Control","Sábado","08:30","11:45"
"MA1101","5","Catedra","Jueves","10:15","11:45"
"MA1101","5","Auxiliar","Viernes","14:00","16:00"
"MA1101","5","Control","Sábado","08:30","11:45"
"MA1101","6","Catedra","Jueves","10:15","11:45"
"MA1101","6","Auxiliar","Viernes","14:00","16:00"
"MA1101","6","Control","Sábado","08:30","11:45"
"MA1101","7","Catedra","Jueves","10:15","11:45"
"MA1101","7","Auxiliar","Viernes","14:00","16:00"
"MA1101","7","Control","Sábado","08:30","11:45"
"MA1101","8","Catedra","Jueves","10:15","11:45"
"MA1101","8","Auxiliar","Viernes","14:00","16:00"
"MA1101","8","Control","Sábado","08:30","11:45"
"MA1101","9","Catedra","Jueves","10:15","11:45"
"MA1101","9","Auxiliar","Viernes","14:00","16:00"
"MA1101","9","Control","Sábado","08:30","11:45"
"MA1102","1","Catedra","Jueves","10:15","11:45"
"MA1102","1","Auxiliar","Viernes","08:00","10:00"
"MA1102","1","Control","Viernes","18:00","21:00"
"MA2001","1","Catedra","Viernes","10:15","11:45"
"MA2001","1","Auxiliar","Lunes","14:00","16:00"
"MA2001","1","Control","Miércoles","18:00","21:00"
"MA2001","2","Catedra","Viernes","10:15","11:45"
"MA2001","2","Auxiliar","Lunes","14:00","16:00"
"MA2001","2","Control","Miércoles","18:00","21:00"
"MA2001","3","Catedra","Viernes","10:15","11:45"
"MA2001","3","Auxiliar","Lunes","14:00","16:00"
"MA2001","3","Control","Miércoles","18:00","21:00"
"MA2001","4","Catedra","Viernes","10:15","11:45"
"MA2001","4","Auxiliar","Lunes","14:00","16:00"
"MA2001","4","Control","Miércoles","18:00","21:00"
"MA2001","5","Catedra","Viernes","12:00","13:30"
"MA2001","5","Auxiliar","Lunes","18:00","20:00"
"MA2001","5","Control","Miércoles","18:00","21:00"
"MA2001","6","Catedra","Viernes","12:00","13:30"
"MA2001","6","Auxiliar","Lunes","18:00","20:00"
"MA2001","6","Control","Miércoles","18:00","21:00"
"MA2001","7","Catedra","Viernes","12:00","13:30"
"MA2001","7","Auxiliar","Lunes","18:00","20:00"
"MA2001","7","Control","Miércoles","18:00","21:00"
"MA2001","8","Catedra","Viernes","12:00","13:30"
"MA2001","8","Auxiliar","Lunes","18:00","20:00"
"MA2001","8","Control","Miércoles","18:00","21:00"
"MA2002","1","Catedra","Jueves","12:00","13:30"
"MA2002","1","Auxiliar","Lunes","18:00","20:00"
"MA2002","1","Control","Jueves","18:00","21:00"
"MA2002","2","Catedra","Jueves","12:00","13:30"
"MA2002","2","Auxiliar","Lunes","18:00","20:00"
"MA2002","2","Control","Jueves","18:00","21:00"
"MA2002","3","Catedra","Viernes","12:00","13:30"
"MA2002","3","Auxiliar","Viernes","18:00","20:00"
"MA2002","3","Control","Jueves","18:00","21:00"
"MA2601","1","Catedra","Jueves","10:15","11:45"
"MA2601","1","Auxiliar","Viernes","16:00","18:00"
"MA2601","1","Control","Miércoles","18:00","21:00"
"MA2601","2","Catedra","Jueves","10:15","11:45"
"MA2601","2","Auxiliar","Viernes","16:00","18:00"
"MA2601","2","Control","Miércoles","18:00","21:00"
"MA2601","3","Catedra","Jueves","10:15","11:45"
"MA2601","3","Auxiliar","Viernes","16:00","18:00"
"MA2601","3","Control","Miércoles","18:00","21:00"
"MA2601","4","Catedra","Jueves","10:15","11:45"
"MA2601","4","Auxiliar","Viernes","16:00","18:00"
"MA2601","4","Control","Miércoles","18:00","21:00"
"MA2601","5","Catedra","Jueves","12:00","13:30"
"MA2601","5","Auxiliar","Viernes","14:00","16:00"
"MA2601","5","Control","Miércoles","18:00","21:00"
"MA2601","6","Catedra","Jueves","12:00","13:30"
"MA2601","6","Auxiliar","Viernes","14:00","16:00"
"MA2601","6","Control","Miércoles","18:00","21:00"
"MA2601","7","Catedra","Jueves","12:00","13:30"
"MA2601","7","Auxiliar","Viernes","14:00","16:00"
"MA2601","7","Control","Miércoles","18:00","21:00"
"MA2601","8","Catedra","Jueves","12:00","13:30"
"MA2601","8","Auxiliar","Viernes","14:00","16:00"
"MA2601","8","Control","Miércoles","18:00","21:00"
"MA3401","1","Catedra","Jueves","10:15","11:45"
"MA3401","1","Auxiliar","Lunes","16:00","18:00"
"MA3403","1","Catedra","Viernes","10:15","11:45"
"MA3403","1","Auxiliar","Viernes","16:00","18:00"
"MA3403","1","Control","Lunes","18:00","21:00"
"MA3403","2","Catedra","Viernes","10:15","11:45"
"MA3403","2","Auxiliar","Viernes","16:00","18:00"
"MA3403","2","Control","Lunes","18:00","21:00"
"MA3403","3","Catedra","Viernes","08:30","10:00"
"MA3403","3","Auxiliar","Jueves","16:00","18:00"
"MA3403","3","Control","Lunes","18:00","21:00"
"MA3403","4","Catedra","Viernes","08:30","10:00"
"MA3403","4","Auxiliar","Jueves","16:00","18:00"
"MA3403","4","Control","Lunes","18:00","21:00"
"MA3403","5","Catedra","Viernes","08:30","10:00"
"MA3403","5","Auxiliar","Jueves","16:00","18:00"
"MA3403","5","Control","Lunes","18:00","21:00"
"MA3701","1","Catedra","Viernes","10:15","11:45"
"MA3701","1","Auxiliar","Miércoles","16:00","18:00"
"MA3701","1","Control","Miércoles","16:15","19:30"
"MA3701","2","Catedra","Viernes","10:15","11:45"
"MA3701","2","Auxiliar","Miércoles","16:00","18:00"
"MA3701","2","Control","Miércoles","16:15","19:30"
"MA3711","1","Catedra","Viernes","12:00","13:30"
"MA3711","1","Auxiliar","Viernes","16:00","18:00"
"MA3801","1","Catedra","Viernes","10:15","11:45"
"MA3801","1","Auxiliar","Jueves","12:00","14:00"
"MA4001","1","Catedra","Jueves","14:30","16:00"
"MA4001","1","Auxiliar","Lunes","14:00","16:00"
"MA4002","1","Catedra","Miércoles","08:30","10:00"
"MA4002","1","Auxiliar","Viernes","14:00","16:00"
"MA4230","1","","","",""
"MA4231","1","","","",""
"MA4401","1","Catedra","Jueves","10:15","11:45"
"MA4401","1","Auxiliar","Viernes","08:00","10:00"
"MA4702","1","Catedra","Viernes","12:00","13:30"
"MA4702","1","Auxiliar","Jueves","16:00","18:00"
"MA4702","1","Laboratorio","Miércoles","14:30","17:45"
"MA4801","1","Catedra","Miércoles","10:15","11:45"
"MA4801","1","Auxiliar","Martes","12:00","14:00"
"MA4902","1","","","",""
"MA5112","1","Catedra","Jueves","14:30","16:00"
"MA5112","1","Auxiliar","Lunes","14:00","16:00"
"MA5201","1","Catedra","Viernes","14:30","16:00"
"MA5201","1","Auxiliar","Jueves","14:00","16:00"
"MA5204","1","Catedra","Miércoles","08:30","10:00"
"MA5304","1","Catedra","Miércoles","18:00","21:00"
"MA5307","1","Catedra","Viernes","10:15","11:45"
"MA5307","1","Auxiliar","Lunes","14:00","16:00"
"MA5307","1","Laboratorio","Miércoles","14:30","17:45"
"MA5406","1","","","",""
"MA5602","1","Catedra","Jueves","10:15","11:45"
"MA5602","1","Auxiliar","Viernes","14:00","16:00"
"MA5606","1","","","",""
"MA5701","1","Catedra","Jueves","12:00","13:30"
"MA5701","1","Auxiliar","Viernes","16:00","18:00"
"MA5802","1","Catedra","Jueves","08:30","10:00"
"MA5802","1","Auxiliar","Lunes","16:00","18:00"
"MA5902","1","","","",""
"MA6420","1","","","",""
"MA6510","1","","","",""
"MA6902","1","","","",""
"MA6908","1","","","",""
"MA6909","1","","","",""
"MA6910","1","","","",""
"MA6911","1","","","",""
"MA6912","1","","","",""
"MA6913","1","","","",""
"MA6920","1","Catedra","Viernes","12:00","13:30"
"MA7991","1","","","",""
"MA799","1","","","",""
"MA896","1","","","",""
"MA897","1","","","",""
"MA898","1","","","",""
"MA899","1","","","",""
"ME3110","1","Catedra","Jueves","12:00","13:30"
"ME3110","1","Auxiliar","Miércoles","14:30","16:00"
"ME3120","1","Catedra","Martes","18:00","19:30"
"ME3120","2","Catedra","Martes","14:30","16:00"
"ME3130","1","Catedra","Martes","08:30","10:00"
"ME3130","1","Auxiliar","Jueves","10:15","11:45"
"ME3140","1","Catedra","Martes","10:15","11:45"
"ME3140","1","Auxiliar","Viernes","14:30","16:00"
"ME3140","1","Laboratorio","Miércoles","08:30","10:00"
"ME3140","2","Catedra","Martes","10:15","11:45"
"ME3140","2","Auxiliar","Viernes","14:30","16:00"
"ME3140","2","Laboratorio","Miércoles","08:30","10:00"
"ME3201","1","Catedra","Jueves","12:00","13:30"
"ME3201","1","Auxiliar","Miércoles","14:30","16:00"
"ME3203","1","Catedra","Martes","18:00","19:30"
"ME3203","2","Catedra","Martes","14:30","16:00"
"ME3204","1","Catedra","Viernes","10:15","11:45"
"ME3204","1","Auxiliar","Miércoles","18:00","19:30"
"ME3301","1","Catedra","Martes","10:15","11:45"
"ME3301","1","Auxiliar","Viernes","14:30","16:00"
"ME3301","1","Laboratorio","Miércoles","08:30","10:00"
"ME3301","2","Catedra","Martes","10:15","11:45"
"ME3301","2","Auxiliar","Viernes","14:30","16:00"
"ME3301","2","Laboratorio","Miércoles","10:15","11:45"
"ME3401","1","Catedra","Jueves","08:30","10:00"
"ME3401","1","Auxiliar","Lunes","14:30","16:00"
"ME3601","1","Catedra","Jueves","10:15","11:45"
"ME3601","1","Auxiliar","Lunes","16:15","17:45"
"ME4010","1","Catedra","Viernes","14:30","16:00"
"ME4012","1","Catedra","Jueves","18:00","19:30"
"ME4012","1","Auxiliar","Lunes","18:00","19:30"
"ME4301","1","Catedra","Viernes","12:00","13:30"
"ME4301","1","Auxiliar","Jueves","10:15","11:45"
"ME4302","1","Catedra","Jueves","12:00","13:30"
"ME4302","1","Auxiliar","Martes","16:15","17:45"
"ME4501","1","Catedra","Miércoles","10:15","11:45"
"ME4501","1","Auxiliar","Lunes","14:30","16:00"
"ME4601","1","Catedra","Viernes","10:15","11:45"
"ME4601","1","Auxiliar","Lunes","14:30","16:00"
"ME4603","1","Catedra","Martes","14:00","18:00"
"ME4603","2","Catedra","Miércoles","14:00","18:00"
"ME4603","3","Catedra","Jueves","08:00","12:00"
"ME4603","4","Catedra","Jueves","14:00","18:00"
"ME4701","1","Catedra","Miércoles","14:30","16:00"
"ME4701","1","Auxiliar","Viernes","14:30","16:00"
"ME4703","1","","","",""
"ME4704","1","Catedra","Martes","12:00","13:30"
"ME4704","1","Auxiliar","Jueves","12:00","13:30"
"ME4706","1","Catedra","Jueves","16:15","17:45"
"ME4707","1","Catedra","Viernes","10:15","11:45"
"ME4707","1","Auxiliar","Jueves","14:30","16:00"
"ME4901","1","","","",""
"ME5101","1","","","",""
"ME5101","2","","","",""
"ME5300","1","Catedra","Miércoles","08:30","10:00"
"ME5300","1","Auxiliar","Jueves","12:00","13:30"
"ME5301","1","Laboratorio","Lunes","14:30","17:45"
"ME5301","2","Laboratorio","Martes","14:30","17:45"
"ME5301","3","Laboratorio","Jueves","14:30","17:45"
"ME5301","4","Laboratorio","Viernes","14:30","17:45"
"ME5400","1","Catedra","Martes","10:15","11:45"
"ME5400","2","Catedra","Viernes","10:15","11:45"
"ME5400","3","Catedra","Lunes","14:30","16:00"
"ME5400","4","Catedra","Miércoles","14:30","16:00"
"ME5500","1","Catedra","Miércoles","18:00","19:30"
"ME5500","1","Auxiliar","Miércoles","16:15","17:45"
"ME5500","1","Laboratorio","Jueves","10:15","11:45"
"ME5510","1","Catedra","Jueves","18:00","19:30"
"ME5510","1","Auxiliar","Miércoles","18:00","19:30"
"ME5601","1","Catedra","Viernes","14:30","17:45"
"ME5601","1","Auxiliar","Jueves","10:15","11:45"
"ME5602","1","","","",""
"ME5700","1","Catedra","Viernes","12:00","13:30"
"ME5700","1","Auxiliar","Lunes","12:00","13:30"
"ME5701","1","Catedra","Miércoles","08:30","10:00"
"ME5701","1","Auxiliar","Miércoles","16:15","17:45"
"ME5702","1","Catedra","Miércoles","10:15","11:45"
"ME5702","1","Auxiliar","Jueves","16:15","17:45"
"ME5703","1","Catedra","Jueves","14:30","16:00"
"ME5704","1","Catedra","Jueves","18:00","19:30"
"ME5802","1","Catedra","Martes","12:00","13:30"
"ME5804","1","Catedra","Viernes","08:30","11:45"
"ME5804","2","Catedra","Viernes","08:30","11:45"
"ME5805","1","Catedra","Viernes","12:00","13:30"
"ME5901","1","","","",""
"ME6600","1","Catedra","Miércoles","18:00","21:00"
"ME6600","1","Auxiliar","Martes","12:00","13:30"
"ME6700","1","Catedra","Viernes","16:00","18:00"
"ME6901","1","","","",""
"ME6908","1","Catedra","Martes","16:15","17:45"
"ME6909","1","Catedra","Miércoles","16:15","17:45"
"ME6909","2","Catedra","Miércoles","16:15","17:45"
"ME6910","1","","","",""
"ME7000","1","Catedra","Viernes","16:15","17:45"
"ME7160","1","","","",""
"ME7200","1","Catedra","Lunes","12:00","14:00"
"ME7303","1","","","",""
"ME7304","1","","","",""
"ME708","1","Catedra","Jueves","18:00","19:30"
"ME711","1","Catedra","Lunes","16:15","17:45"
"ME720","1","","","",""
"ME721","1","Catedra","Jueves","16:15","19:30"
"ME721","1","Auxiliar","Miércoles","18:00","19:30"
"ME733","1","","","",""
"ME790","1","","","",""
"ME791","1","","","",""
"MI3060","1","Catedra","Jueves","10:15","11:45"
"MI3060","1","Auxiliar","Viernes","14:30","16:00"
"MI3100","1","Catedra","Jueves","08:30","10:00"
"MI3100","1","Auxiliar","Martes","12:00","13:30"
"MI3105","1","Catedra","Miércoles","08:30","11:45"
"MI3105","1","Laboratorio","Lunes","14:30","16:00"
"MI3110","1","Catedra","Viernes","12:00","13:30"
"MI3110","1","Auxiliar","Jueves","14:30","16:00"
"MI3115","1","Catedra","Jueves","10:15","11:45"
"MI3115","1","Auxiliar","Viernes","14:30","16:00"
"MI3215","1","Catedra","Jueves","10:15","11:45"
"MI3215","1","Auxiliar","Viernes","14:30","16:00"
"MI3235","1","Catedra","Lunes","14:30","17:45"
"MI3235","1","Auxiliar","Martes","12:00","13:30"
"MI4020","1","Catedra","Jueves","12:00","13:30"
"MI4020","1","Auxiliar","Lunes","14:30","16:00"
"MI4040","1","Catedra","Viernes","12:00","13:30"
"MI4040","1","Laboratorio","Jueves","14:30","16:00"
"MI4060","1","Catedra","Jueves","10:15","11:45"
"MI4060","1","Auxiliar","Viernes","14:30","16:00"
"MI4070","1","Catedra","Jueves","14:30","16:00"
"MI4070","1","Auxiliar","Lunes","10:15","11:45"
"MI4100","1","Catedra","Jueves","10:15","11:45"
"MI4100","1","Auxiliar","Lunes","08:30","10:00"
"MI4110","1","Catedra","Viernes","10:15","11:45"
"MI4110","1","Auxiliar","Lunes","14:30","16:00"
"MI4901","1","","","",""
"MI5021","1","Catedra","Viernes","12:00","13:30"
"MI5021","1","Auxiliar","Viernes","08:30","10:00"
"MI5022","1","Catedra","Martes","10:15","13:30"
"MI5022","1","Auxiliar","Jueves","10:15","11:45"
"MI5041","1","Catedra","Martes","16:15","19:30"
"MI5041","1","Laboratorio","Lunes","16:15","17:45"
"MI5041","2","","","",""
"MI5051","1","Catedra","Jueves","14:30","16:00"
"MI5051","1","Auxiliar","Jueves","16:15","17:45"
"MI5051","2","","","",""
"MI5071","1","Catedra","Viernes","14:30","17:45"
"MI5071","1","Auxiliar","Lunes","18:00","19:30"
"MI5071","2","","","",""
"MI5073","1","Catedra","Viernes","18:00","19:30"
"MI5073","1","Laboratorio","Viernes","16:15","17:45"
"MI5081","1","Catedra","Jueves","18:00","19:30"
"MI5081","1","Auxiliar","Jueves","12:00","13:30"
"MI5082","1","Catedra","Miércoles","16:15","19:30"
"MI5082","1","Auxiliar","Lunes","14:30","16:00"
"MI5101","1","Catedra","Jueves","12:00","13:30"
"MI5101","1","Auxiliar","Martes","08:30","10:00"
"MI5901","1","","","",""
"MI5902","1","","","",""
"MI6041","1","","","",""
"MI6061","1","Catedra","Jueves","12:00","13:30"
"MI6061","1","Auxiliar","Martes","14:30","16:00"
"MI6071","1","Catedra","Martes","10:15","11:45"
"MI6071","1","Auxiliar","Miércoles","16:15","17:45"
"MI6072","1","Catedra","Viernes","14:30","17:45"
"MI6072","1","Laboratorio","Martes","08:30","10:00"
"MI6081","1","Catedra","Martes","18:00","21:00"
"MI6081","1","Auxiliar","Viernes","18:00","19:30"
"MI6111","1","Catedra","Viernes","08:30","11:45"
"MI6112","1","Catedra","Jueves","14:30","17:45"
"MI6112","1","Auxiliar","Lunes","16:15","17:45"
"MI6114","1","","","",""
"MI6121","1","Catedra","Lunes","14:30","17:45"
"MI6131","1","Catedra","Miércoles","19:30","21:00"
"MI6131","1","Auxiliar","Miércoles","18:00","19:30"
"MI6133","1","Catedra","Jueves","18:00","19:30"
"MI6133","1","Auxiliar","Miércoles","18:00","19:30"
"MI6142","1","Catedra","Miércoles","10:15","11:45"
"MI6143","1","Catedra","Jueves","10:15","13:30"
"MI6144","1","Catedra","Viernes","08:30","11:45"
"MI6145","1","Catedra","Jueves","16:15","17:45"
"MI6146","1","Catedra","Miércoles","16:15","17:45"
"MI6901","1","","","",""
"MI6908","1","","","",""
"MI6909","1","","","",""
"MI6910","1","","","",""
"MI7908","1","","","",""
"MI7909","1","","","",""
"MI7910","1","","","",""
"MI8130","1","Catedra","Viernes","12:00","13:30"
"MI8130","1","Laboratorio","Jueves","14:30","16:00"
"MI8131","1","","","",""
"MI8132","1","","","",""
"MI8133","1","","","",""
"MI8134","1","","","",""
"MI8135","1","","","",""
"MI8136","1","","","",""
"MI8137","1","","","",""
"MI73A","1","","","",""
"MI74D","1","","","",""
"MI74G","1","","","",""
"MI74H","1","","","",""
"MI74J","1","","","",""
"MI74K","1","","","",""
"MI76B","1","","","",""
"MI76C","1","","","",""
"MI76D","1","","","",""
"MI76F","1","","","",""
"MI79A","1","","","",""
"MI79B","1","","","",""
"MI79C","1","","","",""
"MI79D","1","","","",""
"MT77A","1","","","",""
"MT77B","1","","","",""
"MT77H","1","","","",""
"MT78J","1","","","",""
"MT754","1","","","",""
"MT772","1","","","",""
"MT773","1","","","",""
"MT775","1","","","",""
"MT776","1","","","",""
"BT1211","1","Catedra","Viernes","14:30","16:00"
"BT1211","1","Control","Sábado","08:30","11:45"
"BT1211","2","Catedra","Viernes","14:30","16:00"
"BT1211","2","Control","Sábado","08:30","11:45"
"BT1211","3","Catedra","Viernes","14:30","16:00"
"BT1211","3","Control","Sábado","08:30","11:45"
"BT1211","4","Catedra","Viernes","14:30","16:00"
"BT1211","4","Control","Sábado","08:30","11:45"
"BT1211","5","Catedra","Viernes","16:15","17:45"
"BT1211","5","Control","Sábado","08:30","11:45"
"BT1211","6","Catedra","Viernes","16:15","17:45"
"BT1211","6","Control","Sábado","08:30","11:45"
"BT1211","7","Catedra","Viernes","16:15","17:45"
"BT1211","7","Control","Sábado","08:30","11:45"
"BT1211","8","Catedra","Viernes","16:15","17:45"
"BT1211","8","Control","Sábado","08:30","11:45"
"BT1211","9","Catedra","Viernes","16:15","17:45"
"BT1211","9","Control","Sábado","08:30","11:45"
"BT3111","1","Catedra","Jueves","12:00","13:30"
"BT3111","1","Auxiliar","Miércoles","14:30","16:00"
"BT3210","1","Catedra","Viernes","16:15","17:45"
"BT3210","1","Auxiliar","Jueves","14:30","16:00"
"BT3401","1","Catedra","Jueves","12:00","13:30"
"BT3401","1","Auxiliar","Miércoles","14:30","16:00"
"BT4103","1","Catedra","Jueves","10:15","11:45"
"BT4103","1","Auxiliar","Viernes","16:15","17:45"
"BT4201","1","Catedra","Viernes","12:00","13:30"
"BT4201","1","Auxiliar","Jueves","14:30","16:00"
"BT4201","1","Laboratorio","Miércoles","14:30","17:45"
"BT4201","2","","","",""
"BT4551","1","Catedra","Viernes","12:00","13:30"
"BT4901","1","Catedra","Viernes","14:30","16:00"
"BT5301","1","Catedra","Jueves","10:15","11:45"
"BT5301","1","Auxiliar","Viernes","14:30","16:00"
"BT5302","1","Catedra","Viernes","12:00","13:30"
"BT5302","1","Auxiliar","Miércoles","14:30","16:00"
"BT5404","1","","","",""
"BT5404","2","","","",""
"BT5404","3","","","",""
"BT5404","4","","","",""
"BT5404","5","","","",""
"BT5404","6","","","",""
"BT5404","7","","","",""
"BT5404","8","","","",""
"BT5404","9","","","",""
"BT5404","10","","","",""
"BT5404","11","","","",""
"BT5404","12","","","",""
"BT5404","13","","","",""
"BT5404","14","","","",""
"BT5404","15","","","",""
"BT5404","16","","","",""
"BT5404","17","","","",""
"BT5404","18","","","",""
"BT5404","19","","","",""
"BT5404","20","","","",""
"BT5404","21","","","",""
"BT5404","22","","","",""
"BT5404","23","","","",""
"BT5405","1","","","",""
"BT5405","2","","","",""
"BT5405","3","","","",""
"BT5405","4","","","",""
"BT5405","5","","","",""
"BT5405","6","","","",""
"BT5405","7","","","",""
"BT5405","8","","","",""
"BT5405","9","","","",""
"BT5405","10","","","",""
"BT5405","11","","","",""
"BT5405","12","","","",""
"BT5405","13","","","",""
"BT5405","14","","","",""
"BT5405","15","","","",""
"BT5405","16","","","",""
"BT5405","17","","","",""
"BT5405","18","","","",""
"BT5405","19","","","",""
"BT5405","20","","","",""
"BT5405","21","","","",""
"BT5405","22","","","",""
"BT5405","23","","","",""
"BT5461","1","Catedra","Viernes","12:00","13:30"
"BT5461","1","Auxiliar","Lunes","14:30","16:00"
"BT5801","1","Laboratorio","Miércoles","08:00","12:00"
"BT5901","1","Catedra","Lunes","16:15","17:45"
"BT6601","1","Catedra","Viernes","10:15","11:45"
"BT6901","1","Catedra","Lunes","12:00","13:30"
"BT6908","1","Catedra","Jueves","14:30","16:00"
"BT6909","1","Catedra","Jueves","16:15","17:45"
"BT6910","1","Catedra","Jueves","16:15","17:45"
"BT7412","1","","","",""
"BT7434","1","","","",""
"BT7435","1","","","",""
"BT7481","1","","","",""
"IQ2211","1","Catedra","Jueves","14:30","16:00"
"IQ2211","1","Auxiliar","Martes","16:00","18:00"
"IQ2211","1","Control","Miércoles","18:00","21:00"
"IQ2211","2","Catedra","Jueves","14:30","16:00"
"IQ2211","2","Auxiliar","Martes","16:00","18:00"
"IQ2211","2","Control","Miércoles","18:00","21:00"
"IQ2211","3","Catedra","Jueves","14:30","16:00"
"IQ2211","3","Auxiliar","Martes","16:00","18:00"
"IQ2211","3","Control","Miércoles","18:00","21:00"
"IQ2211","4","Catedra","Jueves","14:30","16:00"
"IQ2211","4","Auxiliar","Martes","16:00","18:00"
"IQ2211","4","Control","Miércoles","18:00","21:00"
"IQ2211","5","Catedra","Jueves","16:15","17:45"
"IQ2211","5","Auxiliar","Jueves","14:00","16:00"
"IQ2211","5","Control","Miércoles","18:00","21:00"
"IQ2211","6","Catedra","Jueves","16:15","17:45"
"IQ2211","6","Auxiliar","Jueves","14:00","16:00"
"IQ2211","6","Control","Miércoles","18:00","21:00"
"IQ2211","7","Catedra","Jueves","16:15","17:45"
"IQ2211","7","Auxiliar","Jueves","14:00","16:00"
"IQ2211","7","Control","Miércoles","18:00","21:00"
"IQ2211","8","Catedra","Jueves","16:15","17:45"
"IQ2211","8","Auxiliar","Jueves","14:00","16:00"
"IQ2211","8","Control","Miércoles","18:00","21:00"
"IQ2212","1","Catedra","Jueves","10:15","11:45"
"IQ2212","1","Auxiliar","Martes","18:00","20:00"
"IQ2212","1","Control","Jueves","18:00","21:00"
"IQ2212","2","Catedra","Viernes","08:30","10:00"
"IQ2212","2","Auxiliar","Martes","18:00","20:00"
"IQ2212","2","Control","Jueves","18:00","21:00"
"IQ2212","3","Catedra","Viernes","10:15","11:45"
"IQ2212","3","Auxiliar","Martes","18:00","20:00"
"IQ2212","3","Control","Jueves","18:00","21:00"
"IQ3211","1","Catedra","Miércoles","10:15","11:45"
"IQ3211","1","Auxiliar","Martes","14:30","16:00"
"IQ3213","1","Catedra","Jueves","08:30","10:00"
"IQ3213","1","Auxiliar","Viernes","10:15","11:45"
"IQ3214","1","Catedra","Jueves","12:00","13:30"
"IQ3214","1","Auxiliar","Viernes","12:00","13:30"
"IQ3311","1","Catedra","Jueves","10:15","11:45"
"IQ3311","1","Auxiliar","Viernes","14:30","16:00"
"IQ3451","1","Catedra","Jueves","18:00","19:30"
"IQ4101","1","Catedra","Viernes","10:15","11:45"
"IQ4101","1","Auxiliar","Miércoles","10:00","12:00"
"IQ4302","1","Catedra","Jueves","12:00","13:30"
"IQ4302","1","Auxiliar","Lunes","16:00","18:00"
"IQ4304","1","Catedra","Viernes","08:30","10:00"
"IQ4304","1","Auxiliar","Martes","14:30","16:00"
"IQ4421","1","","","",""
"IQ4901","1","Catedra","Viernes","14:30","16:00"
"IQ5306","1","Catedra","Jueves","12:00","13:30"
"IQ5306","1","Auxiliar","Martes","14:30","16:00"
"IQ5404","1","","","",""
"IQ5404","2","","","",""
"IQ5404","3","","","",""
"IQ5404","4","","","",""
"IQ5404","5","","","",""
"IQ5404","6","","","",""
"IQ5404","7","","","",""
"IQ5404","8","","","",""
"IQ5404","9","","","",""
"IQ5404","10","","","",""
"IQ5404","11","","","",""
"IQ5404","12","","","",""
"IQ5404","13","","","",""
"IQ5404","14","","","",""
"IQ5404","15","","","",""
"IQ5404","16","","","",""
"IQ5404","17","","","",""
"IQ5404","18","","","",""
"IQ5404","19","","","",""
"IQ5404","20","","","",""
"IQ5404","21","","","",""
"IQ5404","22","","","",""
"IQ5404","23","","","",""
"IQ5405","1","","","",""
"IQ5405","2","","","",""
"IQ5405","3","","","",""
"IQ5405","4","","","",""
"IQ5405","5","","","",""
"IQ5405","6","","","",""
"IQ5405","7","","","",""
"IQ5405","8","","","",""
"IQ5405","9","","","",""
"IQ5405","10","","","",""
"IQ5405","11","","","",""
"IQ5405","12","","","",""
"IQ5405","13","","","",""
"IQ5405","14","","","",""
"IQ5405","15","","","",""
"IQ5405","16","","","",""
"IQ5405","17","","","",""
"IQ5405","18","","","",""
"IQ5405","19","","","",""
"IQ5405","20","","","",""
"IQ5405","21","","","",""
"IQ5405","22","","","",""
"IQ5405","23","","","",""
"IQ5411","1","Catedra","Jueves","16:15","17:45"
"IQ5411","1","Auxiliar","Viernes","16:15","17:45"
"IQ5422","1","Catedra","Martes","16:15","17:45"
"IQ5431","1","Catedra","Viernes","12:00","13:30"
"IQ5431","1","Auxiliar","Miércoles","10:15","11:45"
"IQ5441","1","Catedra","Viernes","18:00","19:30"
"IQ5455","1","Catedra","Jueves","14:30","16:00"
"IQ5455","1","Auxiliar","Jueves","16:15","17:45"
"IQ5531","1","Catedra","Jueves","10:15","11:45"
"IQ5802","1","Catedra","Miércoles","16:15","19:30"
"IQ5901","1","Catedra","Lunes","16:15","17:45"
"IQ6462","1","Catedra","Jueves","10:15","11:45"
"IQ6702","1","Catedra","Miércoles","18:00","21:00"
"IQ6702","1","Auxiliar","Viernes","14:00","16:00"
"IQ6901","1","Catedra","Lunes","12:00","13:30"
"IQ6908","1","Catedra","Jueves","14:30","16:00"
"IQ6909","1","Catedra","Jueves","16:15","17:45"
"IQ6910","1","Catedra","Jueves","16:15","17:45"
"IQ7001","1","","","",""
"IQ7002","1","","","",""
"IQ7401","1","","","",""
"IQ7401","2","","","",""
"IQ7401","3","","","",""
"IQ7401","4","","","",""
"IQ7401","5","","","",""
"IQ7401","6","","","",""
"IQ7401","7","","","",""
"IQ7401","8","","","",""
"IQ7401","9","","","",""
"IQ7401","10","","","",""
"IQ7401","11","","","",""
"IQ7401","12","","","",""
"IQ7401","13","","","",""
"IQ7402","1","","","",""
"IQ7402","2","","","",""
"IQ7402","3","","","",""
"IQ7402","4","","","",""
"IQ7402","5","","","",""
"IQ7402","6","","","",""
"IQ7402","7","","","",""
"IQ7402","8","","","",""
"IQ7402","9","","","",""
"IQ7402","10","","","",""
"IQ7402","11","","","",""
"IQ7402","12","","","",""
"IQ7402","13","","","",""
"IQ7403","1","","","",""
"IQ7403","2","","","",""
"IQ7403","3","","","",""
"IQ7403","4","","","",""
"IQ7403","5","","","",""
"IQ7403","6","","","",""
"IQ7403","7","","","",""
"IQ7403","8","","","",""
"IQ7403","9","","","",""
"IQ7403","10","","","",""
"IQ7403","11","","","",""
"IQ7403","12","","","",""
"IQ7412","1","","","",""
"IQ7422","1","Catedra","Jueves","10:00","12:00"
"IQ7423","1","","","",""
"IQ7436","1","","","",""
"IQ7481","1","","","",""
"IQ8003","1","","","",""
"IQ8004","1","","","",""
"IQ8005","1","","","",""
"IQ8006","1","","","",""
