Codigo,Seccion,Profesores 001,Profesores 002,Profesores 003,Profesores 004,Profesores 005,Profesores 006,Profesores 007,Profesores 008,Profesores 009,Profesores 010,Profesores 011,Profesores 012,
AA0010,1,Ricardo Mancilla G.,,,,,,,,,,,,
AA0010,2,Julio Contreras V.,,,,,,,,,,,,
AA0010,3,Diana Bermejo E.,,,,,,,,,,,,
AA0020,1,Maria Jose Sandoval S.,,,,,,,,,,,,
AA0030,1,Juan Pedro Ross Olivares,,,,,,,,,,,,
AA0030,2,Juan Pedro Ross Olivares,,,,,,,,,,,,
AA0040,1,Felipe Martínez R.,,,,,,,,,,,,
AA0050,1,,,,,,,,,,,,,
AS2001,1,Paulina Lira T.,,,,,,,,,,,,
AS3004,1,Sebastián López,,,,,,,,,,,,
AS3101,1,Edgardo Costa H.,,,,,,,,,,,,
AS3201,1,Edgardo Costa H.,Leonardo Bronfman A.,,,,,,,,,,,
AS3201,2,Leonardo Bronfman A.,Ricardo Finger C.,,,,,,,,,,,
AS4101,1,Ricardo Muñoz V.,,,,,,,,,,,,
AS4107,1,Leonardo Bronfman A.,Simón Casassus M.,Andres Escala Astorquiza,Patricio Rojo,Laura Pérez M.,Valentino González C.,James Jenkins,,,,,,
AS4602,1,James Jenkins,,,,,,,,,,,,
AS4901,1,Paulina Lira T.,Sebastián López,Andres Escala Astorquiza,Patricio Rojo,Walter Max-Moerbeck A.,César I. Fuentes,Francisco Forster Buron,Laura Pérez M.,Manuel Merello F.,James Jenkins,Anibal Sierra M.,Enrico Congiu,
AS201,1,,,,,,,,,,,,,
AS710,1,Simón Casassus M.,,,,,,,,,,,,
AS750,1,James Jenkins,,,,,,,,,,,,
AS752,1,Patricio Rojo,,,,,,,,,,,,
AS794,1,,,,,,,,,,,,,
AS795,1,,,,,,,,,,,,,
AS801,1,,,,,,,,,,,,,
AS802,1,,,,,,,,,,,,,
AS803,1,,,,,,,,,,,,,
AS895,1,,,,,,,,,,,,,
AS896,1,,,,,,,,,,,,,
AS897,1,,,,,,,,,,,,,
AS898,1,,,,,,,,,,,,,
AS899,1,,,,,,,,,,,,,
AS900,1,,,,,,,,,,,,,
AS901,1,,,,,,,,,,,,,
AS902,1,,,,,,,,,,,,,
CC1000,1,Valentin Muñoz Apablaza,,,,,,,,,,,,
CC1000,2,Juan Álvarez R.,,,,,,,,,,,,
CC1000,3,Juan Álvarez R.,,,,,,,,,,,,
CC1000,4,Valentin Muñoz Apablaza,,,,,,,,,,,,
CC1000,5,Jocelyn Simmonds,,,,,,,,,,,,
CC1000,6,Valentin Muñoz Apablaza,,,,,,,,,,,,
CC1000,7,Patricio Inostroza F.,,,,,,,,,,,,
CC1000,8,Eduardo Godoy Vega,,,,,,,,,,,,
CC1000,9,Francisco J. Gutiérrez,,,,,,,,,,,,
CC1000,10,Nelson Baloian T.,,,,,,,,,,,,
CC1000,11,Juan Álvarez R.,,,,,,,,,,,,
CC1000,12,Juan Álvarez R.,,,,,,,,,,,,
CC1000,13,Nelson Baloian T.,,,,,,,,,,,,
CC1000,14,Jocelyn Simmonds,,,,,,,,,,,,
CC1000,15,Valentin Muñoz Apablaza,,,,,,,,,,,,
CC1000,16,Patricio Inostroza F.,,,,,,,,,,,,
CC1000,17,Eduardo Godoy Vega,,,,,,,,,,,,
CC1000,18,Francisco J. Gutiérrez,,,,,,,,,,,,
CC1002,1,Juan Álvarez R.,,,,,,,,,,,,
CC3001,1,Iván Sipiran,,,,,,,,,,,,
CC3001,2,Patricio Poblete,,,,,,,,,,,,
CC3001,3,Nelson Baloian T.,,,,,,,,,,,,
CC3002,1,Nancy Hitschfeld K.,,,,,,,,,,,,
CC3101,1,Andrés Abeliuk,,,,,,,,,,,,
CC3102,1,Jorge Pérez Rojas,,,,,,,,,,,,
CC3201,1,Aidan Hogan,,,,,,,,,,,,
CC3301,1,Luis Mateu B.,,,,,,,,,,,,
CC3501,1,Daniel Calderón,,,,,,,,,,,,
CC4001,1,Jorge Pérez Rojas,,,,,,,,,,,,
CC4005,1,Jorge Pérez Rojas,,,,,,,,,,,,
CC4101,1,Éric Tanter,,,,,,,,,,,,
CC4102,1,Jérémy Barbay,,,,,,,,,,,,
CC4301,1,Luis Mateu B.,,,,,,,,,,,,
CC4302,1,Luis Mateu B.,,,,,,,,,,,,
CC4303,1,Javier Bustos Jiménez,,,,,,,,,,,,
CC4303,2,José M. Piquer,,,,,,,,,,,,
CC4401,1,Jocelyn Simmonds,,,,,,,,,,,,
CC4402,1,,,,,,,,,,,,,
CC4901,1,Alexandre Bergel,,,,,,,,,,,,
CC5002,1,Jose Urzua R.,,,,,,,,,,,,
CC5201,1,Iván Sipiran,,,,,,,,,,,,
CC5206,1,Bárbara Poblete,Felipe Bravo Marquez,,,,,,,,,,,
CC5206,2,Bárbara Poblete,Felipe Bravo Marquez,,,,,,,,,,,
CC5208,1,Benjamín Bustos,,,,,,,,,,,,
CC5212,1,Aidan Hogan,,,,,,,,,,,,
CC5213,1,Juan Manuel Barrios,,,,,,,,,,,,
CC5301,1,Alejandro Hevia A.,,,,,,,,,,,,
CC5304,1,Cesar Guerrero S.,,,,,,,,,,,,
CC5322,1,Rodrigo Arenas A.,,,,,,,,,,,,
CC5325,1,Eduardo Riveros Roca,Diego Vargas J.,,,,,,,,,,,
CC5401,1,Sergio F. Ochoa D.,,,,,,,,,,,,
CC5401,2,Sergio F. Ochoa D.,,,,,,,,,,,,
CC5402,1,Cecilia Bastarrica,,,,,,,,,,,,
CC5404,1,Andrés Muñoz Ordenes,,,,,,,,,,,,
CC5408,1,Elías Zelada,,,,,,,,,,,,
CC5501,1,María Cecilia Rivara Z.,,,,,,,,,,,,
CC5504,1,Jaime Sanchez I.,,,,,,,,,,,,
CC5509,1,Mauricio Cerda Villablanca,,,,,,,,,,,,
CC5510,1,Francisco J. Gutiérrez,,,,,,,,,,,,
CC5511,1,Jose Pino U.,Nelson Baloian T.,,,,,,,,,,,
CC5601,1,Pablo González Jure,,,,,,,,,,,,
CC5609,1,Adolfo Carrasco A.,,,,,,,,,,,,
CC5613,1,Eduardo Godoy Vega,,,,,,,,,,,,
CC5614,1,Andrea Rodríguez Silva,,,,,,,,,,,,
CC5614,2,Andrea Rodríguez Silva,,,,,,,,,,,,
CC5618,1,Hugo Beltran A.,,,,,,,,,,,,
CC5701,1,Sandra De la Fuente G.,,,,,,,,,,,,
CC5901,1,Alexandre Bergel,,,,,,,,,,,,
CC5905,1,Jérémy Barbay,,,,,,,,,,,,
CC5905,2,Aidan Hogan,,,,,,,,,,,,
CC5905,3,María Cecilia Rivara Z.,,,,,,,,,,,,
CC6205,1,Felipe Bravo Marquez,,,,,,,,,,,,
CC6502,1,Jaime Sanchez I.,,,,,,,,,,,,
CC6908,1,Aidan Hogan,,,,,,,,,,,,
CC6909,1,Jocelyn Simmonds,,,,,,,,,,,,
CC6909,2,Nancy Hitschfeld K.,,,,,,,,,,,,
CC6909,3,Sergio F. Ochoa D.,Francisco J. Gutiérrez,,,,,,,,,,,
CC6909,4,Claudio Gutiérrez,Aidan Hogan,,,,,,,,,,,
CC6909,5,Bárbara Poblete,Jorge Pérez Rojas,Felipe Bravo Marquez,,,,,,,,,,
CC6909,6,Benjamín Bustos,Iván Sipiran,,,,,,,,,,,
CC6909,7,Éric Tanter,Federico Olmedo,,,,,,,,,,,
CC6909,8,Alexandre Bergel,,,,,,,,,,,,
CC6909,9,Alejandro Hevia A.,,,,,,,,,,,,
CC6909,10,José M. Saavedra R.,,,,,,,,,,,,
CC6909,11,José M. Piquer,,,,,,,,,,,,
CC6909,12,Gonzalo Navarro,,,,,,,,,,,,
CC6909,13,Jérémy Barbay,,,,,,,,,,,,
CC7010,1,Gonzalo Navarro,,,,,,,,,,,,
CC7015,1,Gonzalo Navarro,,,,,,,,,,,,
CC7020,1,Gonzalo Navarro,,,,,,,,,,,,
CC7126,1,Federico Olmedo,,,,,,,,,,,,
CC7220,1,Aidan Hogan,,,,,,,,,,,,
CC7221,1,José M. Saavedra R.,,,,,,,,,,,,
CC7320,1,Gonzalo Navarro,,,,,,,,,,,,
CC7325,1,Diego Arroyuelo B.,,,,,,,,,,,,
CC7515,1,Nancy Hitschfeld K.,,,,,,,,,,,,
CC7910,1,Claudio Gutiérrez,,,,,,,,,,,,
CC7920,1,Gonzalo Navarro,,,,,,,,,,,,
CC7970,1,Nancy Hitschfeld K.,,,,,,,,,,,,
CC7980,1,Nancy Hitschfeld K.,,,,,,,,,,,,
CC8910,1,Gonzalo Navarro,,,,,,,,,,,,
CC8920,1,Gonzalo Navarro,,,,,,,,,,,,
CC8930,1,Gonzalo Navarro,,,,,,,,,,,,
CC8940,1,Gonzalo Navarro,,,,,,,,,,,,
CC8950,1,Gonzalo Navarro,,,,,,,,,,,,
CC8960,1,Gonzalo Navarro,,,,,,,,,,,,
CC63D,1,Daniel Perovich,,,,,,,,,,,,
CC63G,1,Daniel Perovich,,,,,,,,,,,,
CC63H,1,Sergio F. Ochoa D.,,,,,,,,,,,,
CC63I,1,Francisco J. Gutiérrez,,,,,,,,,,,,
CC63J,1,Daniel Perovich,,,,,,,,,,,,
CC63K,1,Éric Tanter,,,,,,,,,,,,
CC66A,1,Francisco J. Gutiérrez,,,,,,,,,,,,
CC66B,1,Benjamín Bustos,Hernán Sarmiento A.,,,,,,,,,,,
CC66C,1,Sebastián Ferrada Aliaga,,,,,,,,,,,,
CC66E,1,Mauricio Quezada V.,,,,,,,,,,,,
CC66G,1,Claudio Gutiérrez,Juan Manuel Barrios,,,,,,,,,,,
CC66H,1,Jorge Pérez Rojas,,,,,,,,,,,,
CC66I,1,Aidan Hogan,,,,,,,,,,,,
CC73B,1,Daniel Perovich,,,,,,,,,,,,
CC79E,1,Sergio F. Ochoa D.,Francisco J. Gutiérrez,Daniel Perovich,,,,,,,,,,
CC79F,1,Sergio F. Ochoa D.,Francisco J. Gutiérrez,Daniel Perovich,,,,,,,,,,
CC79G,1,Daniel Perovich,,,,,,,,,,,,
CC79H,1,Daniel Perovich,,,,,,,,,,,,
CI3111,1,J Felipe Beltran M.,,,,,,,,,,,,
CI3111,2,Rafael Ruiz G.,,,,,,,,,,,,
CI3141,1,Marcela Munizaga M.,,,,,,,,,,,,
CI3162,1,Aldo Tamburrino T.,,,,,,,,,,,,
CI3201,1,Pedro Soto,,,,,,,,,,,,
CI3202,1,Francisco Hernández P.,,,,,,,,,,,,
CI3501,1,Eduardo Donoso C.,Gerardo Díaz Rodenas,,,,,,,,,,,
CI3501,2,Eduardo Donoso C.,Gerardo Díaz Rodenas,,,,,,,,,,,
CI3502,1,Ivan Bejarano B.,,,,,,,,,,,,
CI4101,1,Alberto De la Fuente Stranger,,,,,,,,,,,,
CI4102,1,Ana Lucía Prieto Santa,,,,,,,,,,,,
CI4201,1,Fernando Yañez U.,,,,,,,,,,,,
CI4202,1,Ricardo Herrera M.,J Felipe Beltran M.,,,,,,,,,,,
CI4203,1,Fabian Rojas B.,,,,,,,,,,,,
CI4203,2,J Felipe Beltran M.,,,,,,,,,,,,
CI4301,1,Marcela Munizaga M.,,,,,,,,,,,,
CI4401,1,Roberto Gesche S.,,,,,,,,,,,,
CI4402,1,Yolanda Alberto,,,,,,,,,,,,
CI4402,2,J Felipe Beltran M.,,,,,,,,,,,,
CI4901,1,Cristián E. Cortés,,,,,,,,,,,,
CI5101,1,Miguel Lagos Zuñiga,,,,,,,,,,,,
CI5102,1,Katherine Lizama Allende,,,,,,,,,,,,
CI5102,2,J Felipe Beltran M.,,,,,,,,,,,,
CI5103,1,Marcelo Olivares A.,,,,,,,,,,,,
CI5104,1,Arturo Jorquera A.,,,,,,,,,,,,
CI5111,1,M. María del Carmen L. Muñoz,,,,,,,,,,,,
CI5115,1,Pamela Muñoz V.,,,,,,,,,,,,
CI5201,1,Ruben Boroschek Krauskopf,,,,,,,,,,,,
CI5201,2,J Felipe Beltran M.,,,,,,,,,,,,
CI5202,1,Ricardo Herrera M.,,,,,,,,,,,,
CI5206,1,Andrés Larrain C.,,,,,,,,,,,,
CI5206,2,Mariane Kupfer Cauty,,,,,,,,,,,,
CI5206,3,Juan Mendoza Valenzuela,,,,,,,,,,,,
CI5212,1,J Felipe Beltran M.,,,,,,,,,,,,
CI5221,1,Leonardo Massone S.,,,,,,,,,,,,
CI5224,1,Mario Wagner M.,,,,,,,,,,,,
CI5301,1,Cristián E. Cortés,,,,,,,,,,,,
CI5302,1,Cristián E. Cortés,,,,,,,,,,,,
CI5303,1,Sergio Jara D.,,,,,,,,,,,,
CI5304,1,Sergio Jara D.,,,,,,,,,,,,
CI5311,1,Andres Weintraub P.,Cristián E. Cortés,,,,,,,,,,,
CI5401,1,Felipe Ochoa Cornejo,,,,,,,,,,,,
CI5401,2,J Felipe Beltran M.,,,,,,,,,,,,
CI5412,1,Patricia Rodríguez S.,,,,,,,,,,,,
CI5415,1,Felipe Ochoa Cornejo,,,,,,,,,,,,
CI5501,1,Edgardo González Lizama,,,,,,,,,,,,
CI5502,1,William Wragg L.,,,,,,,,,,,,
CI5503,1,Carmen Paz Muñoz E.,,,,,,,,,,,,
CI5512,1,Alejandro Polanco C.,,,,,,,,,,,,
CI5513,1,Jorge Pulgar A.,,,,,,,,,,,,
CI5533,1,Pedro Astaburuaga G.,,,,,,,,,,,,
CI5534,1,Juan Carlos Pozo R.,,,,,,,,,,,,
CI5601,1,Adolfo Ochoa Llangato,,,,,,,,,,,,
CI5605,1,Martín Brown S.,,,,,,,,,,,,
CI5606,1,Matías Tapia Von Schultzendorff,,,,,,,,,,,,
CI5801,1,Marcelo Casares,,,,,,,,,,,,
CI5802,1,Ricardo Rojas P.,,,,,,,,,,,,
CI5803,1,Ruben Boroschek Krauskopf,,,,,,,,,,,,
CI5804,1,Catalina Iborra,,,,,,,,,,,,
CI5805,1,Roberto Andrés Ceron Reyes,Ignacio Araya Paredes,,,,,,,,,,,
CI5807,1,Ezio Costa Cordella,,,,,,,,,,,,
CI5807,2,Pablo Andrés Aranda Valenzuela,,,,,,,,,,,,
CI5809,1,Andrea Rodríguez Silva,,,,,,,,,,,,
CI5810,1,Catalina Millán Montoya,,,,,,,,,,,,
CI5901,1,Cristián E. Cortés,,,,,,,,,,,,
CI6101,1,Alberto De la Fuente Stranger,Juvenal Letelier,,,,,,,,,,,
CI6102,1,Miguel Lagos Zuñiga,,,,,,,,,,,,
CI6102,2,Gabriel Castro A.,,,,,,,,,,,,
CI6103,1,Juan Carlos Sanhueza N.,,,,,,,,,,,,
CI6103,2,Tania I. Fernández,Álvaro Isla F.,,,,,,,,,,,
CI6112,1,,,,,,,,,,,,,
CI6201,1,Ramón Montecinos C.,,,,,,,,,,,,
CI6201,2,Alejandro Verdugo P.,,,,,,,,,,,,
CI6203,1,Rodrigo Retamales Saavedra,,,,,,,,,,,,
CI6301,1,Alejandro Tirachini H.,,,,,,,,,,,,
CI6302,1,Juan Enrique Cannobbio Salas,,,,,,,,,,,,
CI6303,1,Gabriel Montero B.,,,,,,,,,,,,
CI6306,1,Sergio Jara D.,,,,,,,,,,,,
CI6309,1,Antonio Gschwender K.,Alejandro Tirachini H.,,,,,,,,,,,
CI6310,1,Milton Bertin,,,,,,,,,,,,
CI6312,1,Cristián Guevara Cue,,,,,,,,,,,,
CI6401,1,Roberto Gesche S.,,,,,,,,,,,,
CI6402,1,Edgar Bard O.,,,,,,,,,,,,
CI6501,1,Pablo Pareja F.,,,,,,,,,,,,
CI6502,1,Jaime Tellez T.,,,,,,,,,,,,
CI6502,2,Adolfo Ochoa Llangato,,,,,,,,,,,,
CI6901,1,Cristián E. Cortés,,,,,,,,,,,,
CI6908,1,David Campusano B.,,,,,,,,,,,,
CI6908,2,Adolfo Ochoa Llangato,,,,,,,,,,,,
CI6908,3,Katherine Lizama Allende,,,,,,,,,,,,
CI6908,4,Alejandro Aldea S.,,,,,,,,,,,,
CI6909,1,Jorge Pulgar A.,,,,,,,,,,,,
CI6909,2,Adolfo Ochoa Llangato,,,,,,,,,,,,
CI6909,3,Yarko Niño C.,,,,,,,,,,,,
CI6909,4,Alejandro Aldea S.,,,,,,,,,,,,
CI6910,1,Mauricio Sarrazin A.,,,,,,,,,,,,
CI7112,1,James Mcphee T.,,,,,,,,,,,,
CI7201,1,Fabian Rojas B.,,,,,,,,,,,,
CI7202,1,Fabian Rojas B.,,,,,,,,,,,,
CI7213,1,Ruben Boroschek Krauskopf,,,,,,,,,,,,
CI7214,1,Rodolfo Saragoni H.,,,,,,,,,,,,
CI7301,1,Cristián Guevara Cue,,,,,,,,,,,,
CI7302,1,Cristián Guevara Cue,,,,,,,,,,,,
CI7601,1,Rafael Ruiz G.,,,,,,,,,,,,
CI7602,1,Yolanda Alberto,,,,,,,,,,,,
CI7900,1,,,,,,,,,,,,,
CI7901,1,,,,,,,,,,,,,
CI7906,1,Ruben Boroschek Krauskopf,,,,,,,,,,,,
CI7907,1,,,,,,,,,,,,,
CI71F,1,Pablo Mendoza,,,,,,,,,,,,
CI71Q,1,Yarko Niño C.,,,,,,,,,,,,
CI71S,1,Pablo Mendoza,Ana Lucía Prieto Santa,,,,,,,,,,,
CI71Y,1,Amparo Edwards S.,,,,,,,,,,,,
CI79A,1,Yarko Niño C.,,,,,,,,,,,,
CI79B,1,Alberto De la Fuente Stranger,,,,,,,,,,,,
CI79C,1,Alberto De la Fuente Stranger,,,,,,,,,,,,
CM3201,1,Eduardo Donoso C.,,,,,,,,,,,,
CM4201,1,Gerardo Díaz Rodenas,,,,,,,,,,,,
CM4202,1,Andreas Resenkranz,,,,,,,,,,,,
DR100A,1,Mario Rodríguez Vargas,,,,,,,,,,,,
DR100A,2,Mario Rodríguez Vargas,,,,,,,,,,,,
DR100A,3,Mario Rodríguez Vargas,,,,,,,,,,,,
DR100A,4,Rodolfo Catalan G.,,,,,,,,,,,,
DR100A,5,Rodolfo Catalan G.,,,,,,,,,,,,
DR100B,1,Mario Rodríguez Vargas,,,,,,,,,,,,
DR100B,2,Mario Rodríguez Vargas,,,,,,,,,,,,
DR100B,3,Mario Rodríguez Vargas,,,,,,,,,,,,
DR100B,4,Rodolfo Catalan G.,,,,,,,,,,,,
DR100B,5,Rodolfo Catalan G.,,,,,,,,,,,,
DR130A,1,Gisel Rodiño S.,,,,,,,,,,,,
DR130A,2,Gisel Rodiño S.,,,,,,,,,,,,
DR130A,3,Mónica Vásquez C.,,,,,,,,,,,,
DR150A,1,Carolina Andrade P.,,,,,,,,,,,,
DR150A,2,Carolina Andrade P.,,,,,,,,,,,,
DR150A,3,Gisel Rodiño S.,,,,,,,,,,,,
DR150A,4,Gisel Rodiño S.,,,,,,,,,,,,
DR160A,1,Hugo Basaure U.,,,,,,,,,,,,
DR160A,2,Hugo Basaure U.,,,,,,,,,,,,
DR160A,3,Hugo Basaure U.,,,,,,,,,,,,
DR160B,1,Hugo Basaure U.,,,,,,,,,,,,
DR160B,2,Hugo Basaure U.,,,,,,,,,,,,
DR160B,3,Hugo Basaure U.,,,,,,,,,,,,
DR170A,1,Carolina Andrade P.,,,,,,,,,,,,
DR180A,1,Jorge de la Cerda H.,,,,,,,,,,,,
DR180A,2,Jorge de la Cerda H.,,,,,,,,,,,,
DR180A,3,Julio Figueroa C.,,,,,,,,,,,,
DR180A,4,Julio Figueroa C.,,,,,,,,,,,,
DR180A,5,Julio Figueroa C.,,,,,,,,,,,,
DR180A,6,Julio Figueroa C.,,,,,,,,,,,,
DR180A,7,Mauricio Mignogna A.,,,,,,,,,,,,
DR180A,8,Mauricio Mignogna A.,,,,,,,,,,,,
DR180A,9,Mauricio Mignogna A.,,,,,,,,,,,,
DR180A,10,Mauricio Mignogna A.,,,,,,,,,,,,
DR180A,11,Mauricio Mignogna A.,,,,,,,,,,,,
DR180A,12,Marcelo Berríos E.,,,,,,,,,,,,
DR180A,13,Marcelo Berríos E.,,,,,,,,,,,,
DR180A,14,Marcelo Berríos E.,,,,,,,,,,,,
DR180A,15,Víctor Reyes,,,,,,,,,,,,
DR180B,1,Jorge de la Cerda H.,,,,,,,,,,,,
DR180B,2,Jorge de la Cerda H.,,,,,,,,,,,,
DR180B,3,Julio Figueroa C.,,,,,,,,,,,,
DR180B,4,Julio Figueroa C.,,,,,,,,,,,,
DR180B,5,Julio Figueroa C.,,,,,,,,,,,,
DR180B,6,Julio Figueroa C.,,,,,,,,,,,,
DR180B,7,Mauricio Mignogna A.,,,,,,,,,,,,
DR180B,8,Mauricio Mignogna A.,,,,,,,,,,,,
DR180B,9,Mauricio Mignogna A.,,,,,,,,,,,,
DR180B,10,Mauricio Mignogna A.,,,,,,,,,,,,
DR180B,11,Mauricio Mignogna A.,,,,,,,,,,,,
DR180B,12,Marcelo Berríos E.,,,,,,,,,,,,
DR180B,13,Marcelo Berríos E.,,,,,,,,,,,,
DR180B,14,Marcelo Berríos E.,,,,,,,,,,,,
DR180B,15,Víctor Reyes,,,,,,,,,,,,
DR190A,1,Diana Villares G.,,,,,,,,,,,,
DR210A,1,Jaime Cáceres P.,,,,,,,,,,,,
DR210A,2,Jaime Cáceres P.,,,,,,,,,,,,
DR230A,1,Gabriel Ayala B.,,,,,,,,,,,,
DR420A,1,Héctor Moreno Cabrera,,,,,,,,,,,,
DR420A,2,Héctor Moreno Cabrera,,,,,,,,,,,,
DR500A,1,Pablo Calvo S.,,,,,,,,,,,,
DR500A,2,Pablo Calvo S.,,,,,,,,,,,,
DR500B,1,Pablo Calvo S.,,,,,,,,,,,,
DR500B,2,Pablo Calvo S.,,,,,,,,,,,,
DR520A,1,Ruth Contreras S.,,,,,,,,,,,,
DR610A,1,M. Ángel Álvarez Vásquez,,,,,,,,,,,,
DR610A,2,M. Ángel Álvarez Vásquez,,,,,,,,,,,,
DR610B,1,M. Ángel Álvarez Vásquez,,,,,,,,,,,,
DR610B,2,M. Ángel Álvarez Vásquez,,,,,,,,,,,,
DR700A,1,Tamara Capino,,,,,,,,,,,,
DR700A,2,Tamara Capino,,,,,,,,,,,,
DR700B,1,Tamara Capino,,,,,,,,,,,,
DR800A,1,Raul Moya H.,,,,,,,,,,,,
DR800B,1,Raul Moya H.,,,,,,,,,,,,
ED740,1,Andrés Caba,Patricio Mena M.,,,,,,,,,,,
ED741,1,Andrés Caba,Cesár Azurdia M.,,,,,,,,,,,
ED742,1,Andrés Caba,Cesár Azurdia M.,,,,,,,,,,,
ED743,1,Andrés Caba,Cesár Azurdia M.,,,,,,,,,,,
ED744,1,Andrés Caba,Cesár Azurdia M.,,,,,,,,,,,
ED785,1,Andrés Caba,Cesár Azurdia M.,,,,,,,,,,,
ED786,1,Andrés Caba,Cesár Azurdia M.,,,,,,,,,,,
EH2002,1,María Torres,,,,,,,,,,,,
EH2103,1,Pablo Ramirez Rivas,,,,,,,,,,,,
EH2108,1,Ricardo Loebell,,,,,,,,,,,,
EH2202,1,Pablo Ramirez Rivas,,,,,,,,,,,,
EH2203,1,Eduardo Rodríguez Y.,Sebastián Guerrero C.,,,,,,,,,,,
EH2206,1,Roberto Campos Garro,,,,,,,,,,,,
EH2308,1,Claudia Rodríguez Seeger,Pablo Ramirez Rivas,,,,,,,,,,,
EH2309,1,Rodrigo Jiliberto H.,Vanessa Rugiero,,,,,,,,,,,
EH2401,1,Andrés Monares R.,,,,,,,,,,,,
EH2403,1,Andrés Monares R.,,,,,,,,,,,,
EH2501,1,Alfredo Jocelyn-Holt,,,,,,,,,,,,
EH2509,1,Andrea Rodríguez Silva,,,,,,,,,,,,
EH2514,1,Fabián Bustamante Olguin,,,,,,,,,,,,
EH2515,1,Carlos Contreras Painemal,,,,,,,,,,,,
EH2516,1,Michael Reynolds N.,,,,,,,,,,,,
EH2518,1,Cristián Ahumada,,,,,,,,,,,,
EH2601,1,César Cuadra B.,,,,,,,,,,,,
EH2605,1,Ximena Azua R.,,,,,,,,,,,,
EH2609,1,Ximena Vergara,,,,,,,,,,,,
EH2609,2,Ximena Vergara,,,,,,,,,,,,
EIELE01,1,Álvaro Meza M.,,,,,,,,,,,,
EIELE02,1,Jaime Rojas A.,,,,,,,,,,,,
EE0001,1,,,,,,,,,,,,,
EE0002,1,,,,,,,,,,,,,
EI0001,1,,,,,,,,,,,,,
EI0002,1,,,,,,,,,,,,,
EI0003,1,,,,,,,,,,,,,
EI0004,1,,,,,,,,,,,,,
EI0005,1,,,,,,,,,,,,,
EI0006,1,,,,,,,,,,,,,
EI0011,1,,,,,,,,,,,,,
EI0012,1,,,,,,,,,,,,,
EI0013,1,,,,,,,,,,,,,
EI0014,1,,,,,,,,,,,,,
EI0015,1,,,,,,,,,,,,,
EI0031,1,,,,,,,,,,,,,
EI0032,1,,,,,,,,,,,,,
EI1090,1,,,,,,,,,,,,,
EI2090,1,,,,,,,,,,,,,
EI2201,1,Mónica Lipari V.,,,,,,,,,,,,
EI2201,2,Carla Aro Navarro,,,,,,,,,,,,
EI2201,3,Carla Aro Navarro,,,,,,,,,,,,
EI2201,4,Carla Aro Navarro,,,,,,,,,,,,
EI2202,1,Ámbar Romero,,,,,,,,,,,,
EI2202,2,Carolina Santander G.,,,,,,,,,,,,
EI2202,3,Ámbar Romero,,,,,,,,,,,,
EI2202,4,Ana María Carvallo,,,,,,,,,,,,
EI2202,5,Margarita Santibañez,,,,,,,,,,,,
EI2202,6,Verónica Montecinos P.,,,,,,,,,,,,
EI2202,7,Margarita Santibañez,,,,,,,,,,,,
EI2301,1,Jaime Rojas A.,,,,,,,,,,,,
EI2301,2,Jaime Rojas A.,,,,,,,,,,,,
EI2301,3,Jaime Rojas A.,,,,,,,,,,,,
EI2302,1,Jaime Rojas A.,,,,,,,,,,,,
EI3203,1,Mónica Lipari V.,,,,,,,,,,,,
EI3203,2,Ana María Carvallo,,,,,,,,,,,,
EI3203,3,Ana María Carvallo,,,,,,,,,,,,
EI3203,4,Elba Navarro C.,,,,,,,,,,,,
EI3203,5,Ámbar Romero,,,,,,,,,,,,
EI3203,6,Juan Cuevas L.,Elba Navarro C.,,,,,,,,,,,
EI3203,7,Marcela O'Ryan M.,,,,,,,,,,,,
EI3203,8,,,,,,,,,,,,,
EI3203,9,Marcela O'Ryan M.,,,,,,,,,,,,
EI3203,10,Álvaro Meza M.,,,,,,,,,,,,
EI3203,11,Mónica Lipari V.,,,,,,,,,,,,
EI3203,12,,,,,,,,,,,,,
EI3203,13,Margarita Santibañez,,,,,,,,,,,,
EI3203,14,,,,,,,,,,,,,
EI3203,15,Ana María Carvallo,,,,,,,,,,,,
EI3203,16,,,,,,,,,,,,,
EI3203,17,Mónica Lipari V.,,,,,,,,,,,,
EI4204,1,Marta Araya,,,,,,,,,,,,
EI4204,2,Marcela O'Ryan M.,,,,,,,,,,,,
EI4204,3,Marta Araya,,,,,,,,,,,,
EI4204,4,Carolina Santander G.,,,,,,,,,,,,
EI4204,5,Marcela O'Ryan M.,,,,,,,,,,,,
EI4204,6,Mónica Lipari V.,,,,,,,,,,,,
EI4204,7,Carolina Santander G.,,,,,,,,,,,,
EI4204,8,Álvaro Meza M.,,,,,,,,,,,,
EI4204,9,Mónica Lipari V.,,,,,,,,,,,,
EI4204,10,Verónica Montecinos P.,,,,,,,,,,,,
EI4204,11,Ámbar Romero,,,,,,,,,,,,
EI4204,12,Verónica Montecinos P.,,,,,,,,,,,,
EI4204,13,Álvaro Meza M.,,,,,,,,,,,,
EI4204,14,Ámbar Romero,,,,,,,,,,,,
EI4204,15,Marcela O'Ryan M.,,,,,,,,,,,,
EI4204,16,Ana María Carvallo,,,,,,,,,,,,
EI4204,17,Pilar Mai V.,,,,,,,,,,,,
EI4204,18,Margarita Santibañez,,,,,,,,,,,,
EI4204,19,Marta Araya,,,,,,,,,,,,
EI4204,20,Álvaro Meza M.,,,,,,,,,,,,
EI4204,21,Margarita Santibañez,,,,,,,,,,,,
EI4205,1,Ámbar Romero,,,,,,,,,,,,
EI4205,2,Carolina Santander G.,,,,,,,,,,,,
EI4205,3,Carla Aro Navarro,,,,,,,,,,,,
EI4205,4,Carolina Santander G.,,,,,,,,,,,,
EI4205,5,Mónica Lipari V.,Juan Cuevas L.,,,,,,,,,,,
EI4205,6,Álvaro Meza M.,,,,,,,,,,,,
EI4205,7,Mónica Lipari V.,,,,,,,,,,,,
EI4205,8,Marta Araya,,,,,,,,,,,,
EI4205,9,Álvaro Meza M.,,,,,,,,,,,,
EI4205,10,Mónica Lipari V.,,,,,,,,,,,,
EI4205,11,Marcela O'Ryan M.,,,,,,,,,,,,
EI4205,12,Carolina Santander G.,,,,,,,,,,,,
EI4205,13,Marcela O'Ryan M.,,,,,,,,,,,,
EI4205,14,Carolina Santander G.,,,,,,,,,,,,
EI4205,15,Ana María Carvallo,,,,,,,,,,,,
EI4205,16,Margarita Santibañez,,,,,,,,,,,,
EI4205,17,Ana María Carvallo,,,,,,,,,,,,
EI4205,18,Ana María Carvallo,,,,,,,,,,,,
EI4205,19,Ámbar Romero,,,,,,,,,,,,
EI4205,20,Margarita Santibañez,,,,,,,,,,,,
EI4205,21,Juan Cuevas L.,Ámbar Romero,,,,,,,,,,,
EI4205,23,Mónica Lipari V.,,,,,,,,,,,,
FT1101,1,Paula Morgado,,,,,,,,,,,,
FT1101,2,Paula Morgado,,,,,,,,,,,,
TESTDE,1,Pilar Mai V.,Carmen Núñez C.,Ingrid Cartes F.,Enrique Sologuren,,,,,,,,,
TESTDE,2,Pilar Mai V.,Carmen Núñez C.,Ingrid Cartes F.,Enrique Sologuren,Elba Navarro C.,,,,,,,,
TESTDE,3,Pilar Mai V.,Carmen Núñez C.,Ingrid Cartes F.,Enrique Sologuren,Elba Navarro C.,,,,,,,,
TESTDE,4,Pilar Mai V.,Carmen Núñez C.,Ingrid Cartes F.,Enrique Sologuren,Elba Navarro C.,,,,,,,,
TESTDF,1,Pilar Mai V.,Ingrid Cartes F.,Elba Navarro C.,,,,,,,,,,
TESTDI,1,Pilar Mai V.,Ingrid Cartes F.,Elba Navarro C.,,,,,,,,,,
TESTDI,2,Pilar Mai V.,Ingrid Cartes F.,Elba Navarro C.,,,,,,,,,,
TESTDI,3,Pilar Mai V.,Ingrid Cartes F.,Elba Navarro C.,,,,,,,,,,
TESTDI,4,Pilar Mai V.,Ingrid Cartes F.,Elba Navarro C.,,,,,,,,,,
CD1100,1,Jorge Castillo G.,Christian Basáez V.,,,,,,,,,,,
CD1100,2,Jorge Castillo G.,Pedro B. Mirauda,,,,,,,,,,,
CD1100,3,Rafael Molina S.,Maria Jose Sandoval S.,,,,,,,,,,,
CD1100,4,Julio Lira,Christian Basáez V.,,,,,,,,,,,
CD1100,5,Horacio Buldrini D'Ottone,Gonzalo Torres E.,,,,,,,,,,,
CD1100,6,Marlena Murillo S.,Sergio Sergio Felipe Donoso Cisternas,,,,,,,,,,,
CD1100,7,Horacio Buldrini D'Ottone,Pedro B. Mirauda,,,,,,,,,,,
CD1100,8,Sergio Sergio Felipe Donoso Cisternas,Julio Lira,,,,,,,,,,,
CD1100,9,Maria Jose Sandoval S.,Cecilia Mujica M.,,,,,,,,,,,
CD1100,10,James Mcphee T.,Luisa Pinto L.,,,,,,,,,,,
CD1100,11,Rudy Arriagada F.,Eugenio Bravo C.,,,,,,,,,,,
CD1201,1,Marlena Murillo S.,Rafael Molina S.,,,,,,,,,,,
CD2201,1,Rafael Molina S.,Andrés Bercovich,,,,,,,,,,,
CD2201,2,Katherine Muñoz T.,Paula Callejas P.,,,,,,,,,,,
CD2201,3,Cristian Burr R.,Felipe Ñancupil S.,Fernando Nowajewski Vega,,,,,,,,,,
CD2201,4,Cristian Burr R.,Felipe Ñancupil S.,Fernando Nowajewski Vega,,,,,,,,,,
CD2201,5,Natalia Álvarez J.,,,,,,,,,,,,
CD3001,1,Natalia Álvarez J.,Cristóbal Ostornol G.,,,,,,,,,,,
EI3001,1,Natalia Álvarez J.,Cristóbal Ostornol G.,Francisco Casado,,,,,,,,,,
EI4001,1,Natalia Álvarez J.,Cristóbal Ostornol G.,Francisco Casado,,,,,,,,,,
EI4002,1,Eugenio Bravo C.,,,,,,,,,,,,
IO4100,1,Felipe Ñancupil S.,Fernando Nowajewski Vega,,,,,,,,,,,
EI3002,1,Reynaldo Cabezas Cifuentes,,,,,,,,,,,,
EL3003,1,Rodrigo Moreno V.,Patricio Mendoza A.,,,,,,,,,,,
EL3003,2,Rodrigo Moreno V.,Patricio Mendoza A.,,,,,,,,,,,
EL3004,1,Marcos Diaz Q.,,,,,,,,,,,,
EL3005,1,Claudio A. Pérez,,,,,,,,,,,,
EL3006,1,Álvaro Silva M.,,,,,,,,,,,,
EL3101,1,Pablo Estevez V.,,,,,,,,,,,,
EL3101,2,Santiago Bradford V.,,,,,,,,,,,,
EL3102,1,Francisco Rivera,,,,,,,,,,,,
EL3102,2,Francisco Rivera,,,,,,,,,,,,
EL3103,1,Ernest A. Michael,,,,,,,,,,,,
EL3103,2,Benjamin Jacard H.,,,,,,,,,,,,
EL3104,1,Jorge Silva Sánchez,Marcos Orchard C.,,,,,,,,,,,
EL3105,1,Patricio Valenzuela C.,,,,,,,,,,,,
EL3105,2,Jorge Ignacio Sandoval,,,,,,,,,,,,
EL3105,3,Francisco Casado,,,,,,,,,,,,
EL4001,1,Rodrigo Moreno V.,,,,,,,,,,,,
EL4002,1,Ricardo Finger C.,,,,,,,,,,,,
EL4002,2,Ricardo Finger C.,,,,,,,,,,,,
EL4003,1,Jorge Silva Sánchez,Marcos Orchard C.,,,,,,,,,,,
EL4004,1,Constanza Ahumada,,,,,,,,,,,,
EL4005,1,Néstor Becerra Y.,,,,,,,,,,,,
EL4005,2,Cesár Azurdia M.,,,,,,,,,,,,
EL4030,1,Andrés Caba,,,,,,,,,,,,
EL4030,2,Javier Ruiz del Solar,,,,,,,,,,,,
EL4102,1,Francisco Rivera,,,,,,,,,,,,
EL4103,1,Rodrigo Palma B.,,,,,,,,,,,,
EL4105,1,Doris Saez H.,,,,,,,,,,,,
EL4106,1,Javier Ruiz del Solar,,,,,,,,,,,,
EL4107,1,Claudio Estevez,,,,,,,,,,,,
EL4108,1,Marcos Diaz Q.,,,,,,,,,,,,
EL4901,1,Santiago Bradford V.,,,,,,,,,,,,
EL4901,2,Benjamin Jacard H.,,,,,,,,,,,,
EL5001,1,Sergio Marchant K.,,,,,,,,,,,,
EL5001,2,Sergio Marchant K.,,,,,,,,,,,,
EL5001,3,Sergio Bunel T.,,,,,,,,,,,,
EL5002,1,Augusto Lucero Alday,,,,,,,,,,,,
EL5002,2,Eugenio Bravo C.,Francisco Casado,,,,,,,,,,,
EL5003,1,Arturo Otto V.,Oriol Tucas A.,,,,,,,,,,,
EL5003,2,Patricio Valenzuela C.,Juan Vásquez C.,,,,,,,,,,,
EL5003,3,Jorge López H.,,,,,,,,,,,,
EL5003,4,Arturo Otto V.,Oriol Tucas A.,,,,,,,,,,,
EL5004,1,Augusto Lucero Alday,,,,,,,,,,,,
EL5004,2,Eugenio Bravo C.,Francisco Casado,,,,,,,,,,,
EL5004,3,Francisco Rivera,,,,,,,,,,,,
EL5030,1,Andrés Caba,,,,,,,,,,,,
EL5030,2,Rodrigo Palma B.,,,,,,,,,,,,
EL5030,3,Javier Ruiz del Solar,,,,,,,,,,,,
EL5202,1,Helmuth Thiemer W.,,,,,,,,,,,,
EL5203,1,Pablo Gonzalez Inostroza,Sebastián Ferretto,,,,,,,,,,,
EL5204,1,Pablo Gonzalez Inostroza,Sebastián Ferretto,,,,,,,,,,,
EL5205,1,Doris Saez H.,Constanza Ahumada,,,,,,,,,,,
EL5206,1,Claudio A. Pérez,Cristián J. Figueroa S.,,,,,,,,,,,
EL5206,2,Carlos Navarro C.,Martín Adams,,,,,,,,,,,
EL5207,1,Claudio Estevez,,,,,,,,,,,,
EL5900,1,Álvaro Silva M.,,,,,,,,,,,,
EL5901,1,Santiago Bradford V.,,,,,,,,,,,,
EL5901,2,Cristián Hermansen R.,,,,,,,,,,,,
EL5901,3,Alberto Castro R.,,,,,,,,,,,,
EL6000,1,Nicolás Mira,,,,,,,,,,,,
EL6010,1,Raúl Álvarez,Nelson Morales O.,,,,,,,,,,,
EL6011,1,Augusto Lucero Alday,,,,,,,,,,,,
EL6015,1,Pablo Andrés Medina Cofre,,,,,,,,,,,,
EL6018,1,Rodrigo Palma B.,Andrés Vicent S.,,,,,,,,,,,
EL6020,1,Andrés Caba,,,,,,,,,,,,
EL6020,2,Sergio Astudillo T.,,,,,,,,,,,,
EL6020,3,Jorge Urrutia,,,,,,,,,,,,
EL6023,1,Guillermo Vasquez Y.,,,,,,,,,,,,
EL6025,1,Pedro Miquel D.,,,,,,,,,,,,
EL6030,1,Andrés Caba,,,,,,,,,,,,
EL6030,2,Javier Ruiz del Solar,,,,,,,,,,,,
EL6045,1,Eduardo Vera S.,,,,,,,,,,,,
EL6046,1,Aldo Di Biase F.,,,,,,,,,,,,
EL6048,1,Alexis Yañez Inostroza,,,,,,,,,,,,
EL6050,1,Jose Gonzalez G.,,,,,,,,,,,,
EL6801,1,Andrés Caba,,,,,,,,,,,,
EL6802,1,Andrés Caba,,,,,,,,,,,,
EL6803,1,Andrés Caba,,,,,,,,,,,,
EL6908,1,Francisco Rivera,,,,,,,,,,,,
EL6908,2,Sandra Céspedes U.,,,,,,,,,,,,
EL6908,3,Francisco Rivera,,,,,,,,,,,,
EL6908,4,Francisco Rivera,,,,,,,,,,,,
EL6909,1,Andrés Caba,,,,,,,,,,,,
EL6909,2,Patricio Mendoza A.,,,,,,,,,,,,
EL7020,1,Deninson Fuentes del Campo,,,,,,,,,,,,
EL7021,1,Javier Ruiz del Solar,,,,,,,,,,,,
EL7023,1,Juan Carlos Travieso T.,,,,,,,,,,,,
EL7026,1,Ernest A. Michael,,,,,,,,,,,,
EL7027,1,Doris Saez H.,,,,,,,,,,,,
EL7031,1,Martín Adams,,,,,,,,,,,,
EL7032,1,Roberto Cárdenas Dobson,,,,,,,,,,,,
EL7037,1,Pablo Estevez V.,,,,,,,,,,,,
EL7038,1,Claudio Held B.,,,,,,,,,,,,
EL7039,1,Francisco Rivera,,,,,,,,,,,,
EL7041,1,Cesár Azurdia M.,,,,,,,,,,,,
EL7043,1,Claudio Estevez,,,,,,,,,,,,
EL7044,1,Sandra Céspedes U.,,,,,,,,,,,,
EL7045,1,Patricio Mendoza A.,,,,,,,,,,,,
EL7049,1,Marcos Diaz Q.,,,,,,,,,,,,
EL7050,1,Diane G.,,,,,,,,,,,,
EL7052,1,Claudia Rahmann Z.,,,,,,,,,,,,
EL7806,1,Andrés Caba,Cesár Azurdia M.,,,,,,,,,,,
EL7850,1,Andrés Caba,,,,,,,,,,,,
EL7907,1,Andrés Caba,Cesár Azurdia M.,,,,,,,,,,,
EL7908,1,Andrés Caba,Cesár Azurdia M.,,,,,,,,,,,
DPDIIGEWCBO10,1,Eduardo Kohler E.,,,,,,,,,,,,
DPDIIGEWKLC01,1,Pablo González S.,,,,,,,,,,,,
DPDIIGEWKLC02,1,Jaime Gatica B.,,,,,,,,,,,,
DPDIIGEWKLC03,1,Michael Jorratt D.,,,,,,,,,,,,
DPDIIGEWKLC05,1,Sara Arancibia C.,,,,,,,,,,,,
DPDIIGEWKLC06,1,Eduardo Contreras V.,,,,,,,,,,,,
CECSPDIMPN01,1,Christian Potocnjak C.,Mónica Manhey M.,,,,,,,,,,,
CEDICLEANC07,1,José Salvatierra G.,,,,,,,,,,,,
CEDIIDGPWK01,1,Christian Willatt H.,,,,,,,,,,,,
CEPOSADSER01,1,Sebastián Santana R.,,,,,,,,,,,,
CEPOSIRISO01,1,Alejandro Gonzalez P.,,,,,,,,,,,,
CEPOSIRISO02,1,Alejandro Gonzalez P.,,,,,,,,,,,,
CEPOSIRISO02,2,Alejandro Gonzalez P.,,,,,,,,,,,,
DPDIECCDBC01,1,Nicolás Huneeus L.,Francisca Muñoz B.,Laura Gallardo K.,René Darío Garreaud Salazar,Maisa Rojas Corradi,Roberto Rondanelli,Juan P. Boisier,,,,,,
DPDIECCDBC04,1,Bárbara Morales A.,,,,,,,,,,,,
DPDIECCDBC05,1,Raul O'ryan G.,Rodrigo Palma B.,Manuel Diaz Romero,Marcia Montedonico,Carlos Benavides F.,,,,,,,,
DPDIECCDBC06,1,Rodolfo Sapiains,Andrea Rudnick G.,Anahí Urquiza,Pilar Moraga Sariego,Rodrigo Arriagada C.,Antoine Maillet,,,,,,,
DPDIIGEVCB01,1,Pamela Jervis,,,,,,,,,,,,
DPDIIGEVCB02,1,Jaime Gatica B.,,,,,,,,,,,,
DPDIIGEVCB03,1,Iván Álvarez V.,,,,,,,,,,,,
DPDIIGEVCB04,1,Sara Arancibia C.,,,,,,,,,,,,
DPDIIGEVCB05,1,Cristián Binimelis S.,,,,,,,,,,,,
DPDIIGEVCB06,1,Claudia Vargas P.,Cristián Binimelis S.,,,,,,,,,,,
DPDIIGEWCBO6,1,Eduardo Contreras V.,Joan Massons,,,,,,,,,,,
DPDIIGEWCBO7,1,Cristián Binimelis S.,,,,,,,,,,,,
DPDIIGEWCBO8,1,Francisco Tubino C.,,,,,,,,,,,,
DPDIIGEWCBO9,1,Cristián Binimelis S.,,,,,,,,,,,,
DPDIMINGADM1,1,Sofia Rebolledo L.,Patricio Cavieres Rojas,Kimie Suzuki Morales,,,,,,,,,,
DPDIMINGADM2,1,Alejandro Muñoz J.,Luis Felipe Orellana E.,,,,,,,,,,,
DPDIMINGADM3,1,Eduardo Rojas V.,Javier Vallejos M.,,,,,,,,,,,
DPDIMINGADM6,1,Javier Vallejos M.,Lorena Burgos C.,,,,,,,,,,,
DPDIMINGMM03,1,Javier Vallejos M.,Raúl Castro R.,Kimie Suzuki Morales,,,,,,,,,,
DPDIMINGMM09,1,Brian Townley Callejas,Jacques Wiertz,Christian Ihle,Willy Kracht,,,,,,,,,
DPDIMINGMM10,1,Sebastián Troncoso B.,Marcelo Vargas V.,,,,,,,,,,,
DPDIMINGMM13,1,Eduardo Magri V.,Brian Townley Callejas,Antoni Magri,,,,,,,,,,
DPDIMINGMM14,1,Xavier Emery,Mohammadali Malekitehrani,,,,,,,,,,,
CEDIIINGP01,1,María Pía Martín,,,,,,,,,,,,
CEPOSTCTI01,1,Sandra Zepeda A.,Sergio Sergio Felipe Donoso Cisternas,Eugenio Bravo C.,Maria Jose Sandoval S.,Mitzi Vielma L.,,,,,,,,
CEPOSTCTI01,2,Sandra Zepeda A.,Sergio Sergio Felipe Donoso Cisternas,Eugenio Bravo C.,Maria Jose Sandoval S.,Mitzi Vielma L.,,,,,,,,
DEPOSINNC01,1,Eugenio Bravo C.,,,,,,,,,,,,
DEPOSINNC02,1,Julio Lira,,,,,,,,,,,,
DEPOSINNC03,1,Maria Jose Sandoval S.,,,,,,,,,,,,
DEPOSINNC04,1,Rafael Molina S.,,,,,,,,,,,,
DEPOSINNC05,1,Félix Lizama G.,,,,,,,,,,,,
DEPOSINNC06,1,Rubén Jacob D.,,,,,,,,,,,,
DEPOSINNC07,1,Mitzi Vielma L.,,,,,,,,,,,,
DEPOSINNC08,1,Sergio Sergio Felipe Donoso Cisternas,,,,,,,,,,,,
DPDGHMMA001,1,Carlos Parraguez D.,Sofia Rebolledo L.,Gabriel Easton,Igor Aguirre A.,Valentina Flores Aqueveque,Alida Pérez F.,Néstor Gutiérrez D.,Dolorinda Daniele,,,,,
DPDICDPIC01,1,Alejandro Polanco C.,,,,,,,,,,,,
DPDICDPIC02,1,José Luis Cousiño,William Wragg L.,Leon Lopez A.,,,,,,,,,,
DPDICDPIC03,1,Andrés Fuentes T.,Tomás Moya P.,,,,,,,,,,,
DPDICDPIC04,1,Ruben Boroschek Krauskopf,Roberto Gesche S.,,,,,,,,,,,
DPDICIEDS01,1,Fabian Rojas B.,,,,,,,,,,,,
DPDICIEDS02,1,Francisco Hernández P.,Rafael Ruiz G.,,,,,,,,,,,
DPDICIEDS03,1,Leonardo Massone S.,Fabian Rojas B.,,,,,,,,,,,
DPDICIEDS04,1,Felipe Ochoa Cornejo,,,,,,,,,,,,
DPDICIEDS05,1,Leonardo Massone S.,,,,,,,,,,,,
DPDICIEDS06,1,Ricardo Herrera M.,,,,,,,,,,,,
DPDICIEDS07,1,Fabian Rojas B.,,,,,,,,,,,,
DPDICIEDS08,1,Rodrigo Retamales Saavedra,,,,,,,,,,,,
DPDIIGEWK09,1,Eduardo Kohler E.,,,,,,,,,,,,
DPDIIHDHC01,1,,,,,,,,,,,,,
DPDIIHDHC01,2,,,,,,,,,,,,,
DPDIIHDHC01,3,,,,,,,,,,,,,
DPDIIHDHC02,1,,,,,,,,,,,,,
DPDIIHDHC02,2,,,,,,,,,,,,,
DPDIIHDHC02,3,,,,,,,,,,,,,
DPDIIHDHC03,1,,,,,,,,,,,,,
DPDIIHDHC03,2,,,,,,,,,,,,,
DPDIIHDHC03,3,,,,,,,,,,,,,
DPDIIHDHC04,1,,,,,,,,,,,,,
DPDIIHDHC04,2,,,,,,,,,,,,,
DPDIIHDHC04,3,,,,,,,,,,,,,
DPDIIHDHC05,1,,,,,,,,,,,,,
DPDIIHDHC05,2,,,,,,,,,,,,,
DPDIIHDHC05,3,,,,,,,,,,,,,
DPDIMEOGA01,1,Rodrigo Ortuzar M.,,,,,,,,,,,,
DPDIMEOGA02,1,Rodrigo Pascual J.,,,,,,,,,,,,
DPDIMEOGA03,1,Rodrigo Pascual J.,,,,,,,,,,,,
DPDIMEOGA04,1,Rodrigo Pascual J.,,,,,,,,,,,,
DPDIMEOGA05,1,Enrique López Droguett,,,,,,,,,,,,
DPDIMEOGA06,1,Viviana Meruane N.,,,,,,,,,,,,
DPDIMEOGA07,1,Rodrigo Pascual J.,,,,,,,,,,,,
DPDIMEOGA08,1,Juan Andrés Pucheu M.,,,,,,,,,,,,
DPDIMEOGA09,1,Rodrigo Pascual J.,,,,,,,,,,,,
DPDIMINEG01,1,Brian Townley Callejas,Mauricio Garrido,,,,,,,,,,,
DPDIMINEG02,1,Xavier Emery,Nadia Mery G.,Mohammadali Malekitehrani,,,,,,,,,,
DPDIMINEM01,1,Patricio Meller B.,,,,,,,,,,,,
DPDIMINEM02,1,,,,,,,,,,,,,
DPDIMINEM05,1,José Munizaga R.,,,,,,,,,,,,
DPDIMINEM08,1,,,,,,,,,,,,,
DPDIMINEM10,1,José Munizaga R.,,,,,,,,,,,,
DPDIMINEM11,1,José Munizaga R.,,,,,,,,,,,,
CEDICBIM01,1,Carlos Patuelli V.,Ricardo Rojas P.,,,,,,,,,,,
CEDIIACA04,1,Juan Castellón M.,Alex Caqueo,Iván Braga C.,,,,,,,,,,
CEDIIACA05,1,Juan Castellón M.,Alex Caqueo,Iván Braga C.,,,,,,,,,,
CEDIINYC01,1,Sebastián Conde D.,,,,,,,,,,,,
CEEPECRP01,1,,,,,,,,,,,,,
CEPOSIES01,1,Pía Lombardo,Natalia Álvarez J.,,,,,,,,,,,
CEPOSPBI01,1,Claudio Thomas H.,,,,,,,,,,,,
DPDICTES01,1,Ezequiel Zielonka M.,Francisco Schmidt A.,,,,,,,,,,,
DPDICTES02,1,Sofia Rebolledo L.,Alejandra Villouta R.,,,,,,,,,,,
DPDICTES03,1,Ruben Boroschek Krauskopf,Jose Galera F.,,,,,,,,,,,
DPDICTES11,1,Francisco Schmidt A.,Ana Cooper M.,Héctor González G.,,,,,,,,,,
DPDICTES41,1,Carlos Espinoza C.,Felipe Ochoa Cornejo,,,,,,,,,,,
DPDICTES42,1,Juan Carlos Pozo R.,Giorgio Piaggio M.,,,,,,,,,,,
DPDIIGDE09,1,Eduardo Kohler E.,,,,,,,,,,,,
DPDIIPEP01,1,Jaime Gatica B.,,,,,,,,,,,,
DPDIIPEP02,1,Iván Álvarez V.,,,,,,,,,,,,
DPDIIPEP03,1,Richard Weber H.,Carlos Reveco,,,,,,,,,,,
DPDIIPEP04,1,Eduardo Contreras V.,,,,,,,,,,,,
DPDIIPEP05,1,Federico Margarit T.,Oscar Saavedra,,,,,,,,,,,
DPDIIPEP06,1,William Young H.,,,,,,,,,,,,
DPDIIPEP07,1,Eduardo Contreras V.,Pablo Daud M.,,,,,,,,,,,
DPDIIPEP08,1,J. Miguel Cruz,,,,,,,,,,,,
DPDIMCMG01,1,Enrique López Droguett,,,,,,,,,,,,
DPDIMCMG03,1,Rodrigo Pascual J.,,,,,,,,,,,,
DPDIMCMG07,1,Enrique López Droguett,,,,,,,,,,,,
DPDIMCMG08,1,Viviana Meruane N.,,,,,,,,,,,,
DPDIMCMG09,1,Enrique López Droguett,,,,,,,,,,,,
DPDIMCMG14,1,Enrique López Droguett,,,,,,,,,,,,
DPDIMCMG16,1,Enrique López Droguett,Viviana Meruane N.,,,,,,,,,,,
DPDIMCMG17,1,Rodrigo Pascual J.,,,,,,,,,,,,
DPDIMCMG19,1,Viviana Meruane N.,,,,,,,,,,,,
DPDIMCMG20,1,Marcos Orchard C.,Viviana Meruane N.,,,,,,,,,,,
DPDIMCMG21,1,Rodrigo Pascual J.,,,,,,,,,,,,
DPEPECAC01,1,Nicolás Huneeus L.,Laura Gallardo K.,René Darío Garreaud Salazar,Maisa Rojas Corradi,,,,,,,,,
DPEPECAC02,1,René Darío Garreaud Salazar,Ana María Ugarte C.,Catalina Amigo,,,,,,,,,,
DPEPECAC03,1,Andrea Rudnick G.,Paulina Aldunce I.,Jordan Harris,,,,,,,,,,
DPEPECAC04,1,Jordan Harris,,,,,,,,,,,,
DPEPECAC05,1,,,,,,,,,,,,,
CEDIILM01,1,Jorge Fuenzalida B.,Iván Rubio P.,,,,,,,,,,,
DPDICIR01,1,Luis Valenzuela P.,,,,,,,,,,,,
DPDICIR02,1,Sofia Rebolledo L.,Diana Comte S.,Marisol Lara C.,,,,,,,,,,
DPDICIR03,1,José Campaña Z.,Felipe Ochoa Cornejo,César Pasten P.,,,,,,,,,,
DPDICIR04,1,Carlos Espinoza C.,Jacques Wiertz,Manuel Caraballo,,,,,,,,,,
DPDICIR05,1,Roberto Gesche S.,,,,,,,,,,,,
DPDICIR06,1,Pedro Valencia Z.,Christian Ihle,,,,,,,,,,,
DPDICIR07,1,Luis Valenzuela P.,,,,,,,,,,,,
DPDICIR08,1,Diana Comte S.,Christian Ihle,César Pasten P.,,,,,,,,,,
DPDIIIN01,1,Juan D. Velásquez,Richard Weber H.,Sebastián Santana R.,Diego López H.,Carla M. Vairetti,,,,,,,,
DPEPCDA01,1,Pamela Cañas,Jacobo Homsi A.,Katherine Lizama Allende,Néstor Rojas A.,Claudia Mellado T.,Eduardo Rubio A.,Juvenal Letelier,Ana Lucía Prieto Santa,,,,,
DPPRUEBA,1,,,,,,,,,,,,,
MDS7201,1,Cinthya Leonor Vergara Silva,Sebastián Santana R.,,,,,,,,,,,
MDS7202,1,Pablo Badilla Torrealba,,,,,,,,,,,,
MIE7101,1,Julio Lira,Maria Jose Sandoval S.,,,,,,,,,,,
MIE7102,1,Julio Lira,Maria Jose Sandoval S.,,,,,,,,,,,
MIE7103,1,Rodrigo Cooper Cortés,Edgardo Santibañez V.,,,,,,,,,,,
MIE7104,1,Claudio Maggi C.,Cecilia Ibarra M.,,,,,,,,,,,
EP0001,1,,,,,,,,,,,,,
EP2201,1,Carla Aro Navarro,,,,,,,,,,,,
EP3203,1,Marcela O'Ryan M.,,,,,,,,,,,,
EP4205,1,Álvaro Meza M.,,,,,,,,,,,,
EP4205,2,Erika Diaz S.,,,,,,,,,,,,
EP5206,1,Jorge Carroza,,,,,,,,,,,,
EP7001,1,Nelson Escobar B.,Enrique Sologuren,,,,,,,,,,,
EP7003,1,Enrique Sologuren,,,,,,,,,,,,
EP9000,1,,,,,,,,,,,,,
EP80A,1,,,,,,,,,,,,,
EP80B,1,,,,,,,,,,,,,
EP80C,1,,,,,,,,,,,,,
EP80D,1,,,,,,,,,,,,,
EP80E,1,,,,,,,,,,,,,
EP80F,1,,,,,,,,,,,,,
EP91A,1,,,,,,,,,,,,,
EP91B,1,,,,,,,,,,,,,
EP91C,1,,,,,,,,,,,,,
EP91D,1,,,,,,,,,,,,,
EP91E,1,,,,,,,,,,,,,
EP91F,1,,,,,,,,,,,,,
EP91G,1,,,,,,,,,,,,,
EP91H,1,,,,,,,,,,,,,
EP91I,1,,,,,,,,,,,,,
EP91J,1,,,,,,,,,,,,,
EP700,1,Ruben Boroschek Krauskopf,,,,,,,,,,,,
EP900,1,,,,,,,,,,,,,
EP901,1,,,,,,,,,,,,,
FD701,1,Maria Cordero Garayar,,,,,,,,,,,,
FD702,1,Aldo Tamburrino T.,Ricardo Muñoz M.,Humberto Palza C.,Claudio Falcon B.,,,,,,,,,
FD705,1,Christian Ihle,,,,,,,,,,,,
FD705,2,Rodrigo Hernandez P.,,,,,,,,,,,,
ES-0000,0000,Macarena Zapata P.,,,,,,,,,,,,
ES1001,1,Patricia Muñoz Silva,Ricardo Gaete R.,,,,,,,,,,,
ES1001,2,Patricia Muñoz Silva,Ricardo Gaete R.,,,,,,,,,,,
ES1001,3,Patricia Muñoz Silva,Ricardo Gaete R.,,,,,,,,,,,
ES1001,4,Patricia Muñoz Silva,Ricardo Gaete R.,,,,,,,,,,,
MOVEC2,1,Viviana Ruiz P.,Daniel Castillo Mauna,,,,,,,,,,,
MOVEC4,1,Viviana Ruiz P.,Daniel Castillo Mauna,,,,,,,,,,,
MOV1,1,Viviana Ruiz P.,Daniel Castillo Mauna,,,,,,,,,,,
VA-01-0327-17,01,Anahí Urquiza,,,,,,,,,,,,
VA-01-0327-18,01,Roxana Pey T.,,,,,,,,,,,,
VA-01-0327-20,01,Andrea Pizarro Cano,Bárbara Ángel B.,,,,,,,,,,,
VA-01-0327-22,01,Paula Calderón M.,,,,,,,,,,,,
VA-01-0327-30,01,Cecilia Baginsky G.,Lorena Rodríguez Osiac,Marcela Araya B.,,,,,,,,,,
VA-01-0327-31,01,Eduardo Andrés Carreño Lara,,,,,,,,,,,,
VA-01-0327-33,01,Luis Bahamondes G.,,,,,,,,,,,,
VA-01-0327-40,01,Julio Hasbún,Francisca Valdebenito A.,,,,,,,,,,,
VA-01-0327-41,01,Carlos Mario Rafael Ruiz Schneider,Claudio Gutiérrez,Mercedes Natalia López N.,,,,,,,,,,
VA-01-0327-42,01,Consuelo Sepúlveda R.,,,,,,,,,,,,
VA-01-0327-43,01,Carolina Muñoz Rojas,,,,,,,,,,,,
VA-01-0327-44,01,Paula González-Álvarez,,,,,,,,,,,,
VA-01-0327-51,01,Maider del Olmo Z.,,,,,,,,,,,,
VA-01-0327-53,01,Anahí Urquiza,,,,,,,,,,,,
VA-01-0327-54,01,Jaime Campos M.,Julián Antonio Cortés Oggero,Juliette Marín,,,,,,,,,,
VA-01-0327-55,01,Sebastián A. Riquelme,,,,,,,,,,,,
VA-01-0327-56,01,Rosa Deves,Andrea Elgueta P.,Pilar Reyes J.,,,,,,,,,,
VA-01-0327-57,01,Luis Osandón Millavil,Leonora Reyes J.,Jorge Cabaluz,,,,,,,,,,
VA-01-0327-58,01,Elsa Mora C.,Alvaro Calfucoy Gutierrez,,,,,,,,,,,
VA-01-0327-59,01,Christian Andrés Quinteros Flores,,,,,,,,,,,,
VA-01-0327-60,01,Carolina Canales,,,,,,,,,,,,
VA-01-0327-61,01,Natalia Lucero M.,,,,,,,,,,,,
VA-01-0327-62,01,Sandra Sara Mella Díaz,Patricio Javier Bustamante Veas,Luis Alejandro Vera F.,,,,,,,,,,
VA-01-0327-64,01,Ernesto Calderon A.,,,,,,,,,,,,
VA-01-0327-65,01,Fernando Ulloa V.,Isaac Peña V.,,,,,,,,,,,
VA-01-0327-66,01,Gricelda Figueroa,Claudia Villagran Muñoz,,,,,,,,,,,
VA-01-0324-1,01,Irma Palma M.,,,,,,,,,,,,
VA-01-0327-2,01,Paula González-Álvarez,,,,,,,,,,,,
VA-01-0331-1,01,Kamal Cumsille M.,,,,,,,,,,,,
VA-01-0280,01,Claudio Nash Rojas,Karen Cea P.,,,,,,,,,,,
VA-01-0311,01,Jorge Ramirez F.,Yasna Palmeiro S.,Ignacio Silva,,,,,,,,,,
VA-01-0321,01,María Nora González Jaraquemada,,,,,,,,,,,,
VA-01-0329,01,Jaime Díaz B.,Daniela Inés Ejsmentewicz Cáceres,Dolorinda Daniele,,,,,,,,,,
VA-01-0333,01,Diego Vallejos O.,,,,,,,,,,,,
CFG2106,1,Margarita Bustos C.,José Miguel Labrín E.,,,,,,,,,,,
CFG2205,1,Macarena Zapata P.,,,,,,,,,,,,
FG6066,1,Diana Comte S.,,,,,,,,,,,,
FG6067,1,Víctor Muñoz,,,,,,,,,,,,
FG6075,1,Claudio Millacura S.,,,,,,,,,,,,
FG6097,1,Loreto Prat,Manuel Araya A.,,,,,,,,,,,
FG6135,1,Ana M. Tapia Adler,Paula Calderón M.,Luis Bahamondes G.,,,,,,,,,,
FI1000,1,Claudio Falcon B.,,,,,,,,,,,,
FI1000,2,Nelson Zamorano H.,,,,,,,,,,,,
FI1000,3,Marcos Flores Carrasco,,,,,,,,,,,,
FI1000,4,Andrés Meza,,,,,,,,,,,,
FI1000,5,Walter Max-Moerbeck A.,,,,,,,,,,,,
FI1000,6,Paulina Lira T.,,,,,,,,,,,,
FI1000,7,Roberto Rondanelli,,,,,,,,,,,,
FI1000,8,César I. Fuentes,,,,,,,,,,,,
FI1100,1,Andrés Meza,,,,,,,,,,,,
FI2001,1,Gonzalo A. Palma,,,,,,,,,,,,
FI2001,2,Claudio Romero Z.,,,,,,,,,,,,
FI2001,3,Hugo Arellano S.,,,,,,,,,,,,
FI2001,4,Ricardo Muñoz M.,,,,,,,,,,,,
FI2001,5,Andres Escala Astorquiza,,,,,,,,,,,,
FI2001,6,Patricio Aceituno G.,,,,,,,,,,,,
FI2002,1,Claudio Romero Z.,,,,,,,,,,,,
FI2002,2,Domenico Sapone,,,,,,,,,,,,
FI2002,3,Francisco Brieva,,,,,,,,,,,,
FI2003,1,Diana Dulic,,,,,,,,,,,,
FI2003,2,Maria Cordero Garayar,,,,,,,,,,,,
FI2003,3,René Alejandro Méndez Bussard,,,,,,,,,,,,
FI2003,4,René Alejandro Méndez Bussard,,,,,,,,,,,,
FI2004,1,Marcel Clerc G.,,,,,,,,,,,,
FI2004,2,Felipe Barra D.,,,,,,,,,,,,
FI3001,1,Álvaro S. Núñez,,,,,,,,,,,,
FI3002,1,Rodrigo Soto B.,,,,,,,,,,,,
FI3003,1,Victor Fuenzalida E.,,,,,,,,,,,,
FI3003,2,Claudio Falcon B.,,,,,,,,,,,,
FI3101,1,Néstor Sepúlveda S.,,,,,,,,,,,,
FI3102,1,Hugo Arellano S.,,,,,,,,,,,,
FI3104,1,Valentino González C.,,,,,,,,,,,,
FI4001,1,Rodrigo Arias F.,,,,,,,,,,,,
FI4003,1,Marcos Flores Carrasco,,,,,,,,,,,,
FI4004,1,Mario Riquelme H.,,,,,,,,,,,,
FI4101,1,Luis Foa Torres,,,,,,,,,,,,
FI4104,1,Fernando Lund P.,,,,,,,,,,,,
FI4105,1,Nicolás Mujica,,,,,,,,,,,,
FI4106,1,Rodrigo Vicencio P.,,,,,,,,,,,,
FI5025,1,Luis Foa Torres,,,,,,,,,,,,
FI6005,1,Rodrigo Vicencio P.,,,,,,,,,,,,
FI6006,1,Raul Muñoz A.,,,,,,,,,,,,
FI6010,1,Enrique Cordaro C.,,,,,,,,,,,,
FI7002,1,Francisco Brieva,Hugo Arellano S.,,,,,,,,,,,
FI7008,1,Rodrigo Soto B.,,,,,,,,,,,,
FI7009,1,Gonzalo A. Palma,,,,,,,,,,,,
FI7010,1,Maria Cordero Garayar,,,,,,,,,,,,
FI7011,1,Gonzalo A. Palma,,,,,,,,,,,,
FI7020,1,Felipe Barra D.,,,,,,,,,,,,
FI7023,1,Gonzalo A. Palma,,,,,,,,,,,,
FI797,1,Luis Foa Torres,,,,,,,,,,,,
FI798,1,Luis Foa Torres,,,,,,,,,,,,
FI896,1,Luis Foa Torres,,,,,,,,,,,,
FI897,1,Luis Foa Torres,,,,,,,,,,,,
FI898,1,Luis Foa Torres,,,,,,,,,,,,
FI899,1,Luis Foa Torres,,,,,,,,,,,,
GF3001,1,Jaime Campos M.,,,,,,,,,,,,
GF3001,2,Daniel Díaz A.,,,,,,,,,,,,
GF3011,1,Maisa Rojas Corradi,,,,,,,,,,,,
GF3022,1,Laura Gallardo K.,,,,,,,,,,,,
GF3022,2,Nicolás Huneeus L.,,,,,,,,,,,,
GF3103,1,Ricardo Muñoz M.,,,,,,,,,,,,
GF4001,1,Mario Pardo P.,,,,,,,,,,,,
GF4001,2,Sergio Ruiz T.,,,,,,,,,,,,
GF4004,1,Eduardo Contreras Reyes,,,,,,,,,,,,
GF4006,1,Emilio Vera S.,Daniel Díaz A.,,,,,,,,,,,
GF4029,1,Javier Ruiz P.,,,,,,,,,,,,
GF4901,1,Emilio Vera S.,Laura Gallardo K.,,,,,,,,,,,
GF5010,1,Roberto Rondanelli,,,,,,,,,,,,
GF5018,1,Felipe Leyton F.,Juan Baez S.,Sergio Ruiz T.,,,,,,,,,,
GF5070,1,Andrei Maksymowicz J.,Daniel Díaz A.,,,,,,,,,,,
GF5071,1,,,,,,,,,,,,,
GF7666,1,Raúl Madariaga M.,Jaime Campos M.,Francisco Bravo S.,Mauricio Fuentes,,,,,,,,,
GF78A,1,Laura Gallardo K.,,,,,,,,,,,,
GF78C,1,René Darío Garreaud Salazar,,,,,,,,,,,,
GF601,1,Patricio Aceituno G.,Juan P. Boisier,,,,,,,,,,,
GF700,1,Emilio Vera S.,Andrei Maksymowicz J.,,,,,,,,,,,
GF731,1,Raúl Madariaga M.,Sergio Ruiz T.,,,,,,,,,,,
GF750,1,René Darío Garreaud Salazar,,,,,,,,,,,,
GF790,1,René Darío Garreaud Salazar,,,,,,,,,,,,
GF791,1,René Darío Garreaud Salazar,,,,,,,,,,,,
GF797,1,Daniel Díaz A.,,,,,,,,,,,,
GF798,1,Daniel Díaz A.,,,,,,,,,,,,
GL3004,1,Alfonso Rubilar R.,Rodrigo Fernández V.,,,,,,,,,,,
GL3101,1,Alida Pérez F.,,,,,,,,,,,,
GL3101,2,Irene Del Real C.,,,,,,,,,,,,
GL3101,3,Francisco Delgado,,,,,,,,,,,,
GL3102,1,Angelo Castruccio A.,Alida Pérez F.,,,,,,,,,,,
GL3103,1,Benigno Godoy Neira,,,,,,,,,,,,
GL3301,1,Benigno Godoy Neira,,,,,,,,,,,,
GL3402,1,Gabriel Easton,,,,,,,,,,,,
GL3402,2,Gabriel Easton,,,,,,,,,,,,
GL4001,1,Miguel Ángel Parada R.,,,,,,,,,,,,
GL4001,2,Miguel Ángel Parada R.,,,,,,,,,,,,
GL4009,1,Diego Morata C.,,,,,,,,,,,,
GL4010,1,Valentina Flores Aqueveque,,,,,,,,,,,,
GL4011,1,Marisol Lara C.,,,,,,,,,,,,
GL4012,1,Matias Taucare,,,,,,,,,,,,
GL4017,1,Daniel Moncada,,,,,,,,,,,,
GL4102,1,Gregory P. De Pascale,,,,,,,,,,,,
GL4401,1,Fernando Barra P.,,,,,,,,,,,,
GL4401,2,Fernando Barra P.,,,,,,,,,,,,
GL4402,1,Luisa Pinto L.,,,,,,,,,,,,
GL4402,2,Benigno Godoy Neira,,,,,,,,,,,,
GL4502,1,Martin Reich M.,,,,,,,,,,,,
GL4502,2,Martin Reich M.,,,,,,,,,,,,
GL4503,1,Katja Deckart,,,,,,,,,,,,
GL4901,1,Angelo Castruccio A.,,,,,,,,,,,,
GL5003,1,Alejandro A. Pérez Rojas,,,,,,,,,,,,
GL5004,1,Diego Morata C.,,,,,,,,,,,,
GL5005,1,Katja Deckart,,,,,,,,,,,,
GL5006,1,Francisco Herve A.,,,,,,,,,,,,
GL5010,1,Valentina Flores Aqueveque,,,,,,,,,,,,
GL5011,1,Osvaldo Carvajal M.,,,,,,,,,,,,
GL5014,1,Martin Reich M.,,,,,,,,,,,,
GL5015,1,,,,,,,,,,,,,
GL5020,1,Philippe Robidoux,,,,,,,,,,,,
GL5022,1,Pablo Casanova G.,,,,,,,,,,,,
GL5101,1,Fernando Poblete G.,,,,,,,,,,,,
GL5102,1,,,,,,,,,,,,,
GL5102,2,Valentina Flores Aqueveque,,,,,,,,,,,,
GL5102,3,Valentina Flores Aqueveque,,,,,,,,,,,,
GL5103,1,Miguel Ángel Parada R.,Diego Morata C.,,,,,,,,,,,
GL5103,2,Miguel Ángel Parada R.,Diego Morata C.,,,,,,,,,,,
GL5103,3,Miguel Ángel Parada R.,Diego Morata C.,,,,,,,,,,,
GL5114,1,Marcelo Farías,,,,,,,,,,,,
GL5201,1,Sofia Rebolledo L.,,,,,,,,,,,,
GL5212,1,Angelo Castruccio A.,,,,,,,,,,,,
GL5213,1,Dolorinda Daniele,,,,,,,,,,,,
GL5311,1,Brian Townley Callejas,,,,,,,,,,,,
GL5311,2,Brian Townley Callejas,,,,,,,,,,,,
GL5505,1,Álvaro Silva M.,,,,,,,,,,,,
GL5901,1,Angelo Castruccio A.,,,,,,,,,,,,
GL6003,1,Eduardo Morgado Bravo,,,,,,,,,,,,
GL6006,1,José Manuel Lattus S.,,,,,,,,,,,,
GL6101,1,Marcelo García G.,Fernando Poblete G.,,,,,,,,,,,
GL6101,2,Marcelo García G.,Fernando Poblete G.,,,,,,,,,,,
GL6301,1,Daniel Moncada,,,,,,,,,,,,
GL6503,1,Enrique Zurita B.,Ramón Aguirre M.,,,,,,,,,,,
GL6908,1,Miguel Ángel Parada R.,,,,,,,,,,,,
GL6909,1,Sofia Rebolledo L.,,,,,,,,,,,,
GL6910,1,Sofia Rebolledo L.,,,,,,,,,,,,
GL7010,1,Gregory P. De Pascale,,,,,,,,,,,,
GL71C,1,Reynaldo Charrier G.,Gabriel Easton,,,,,,,,,,,
GL71D,1,Martin Reich M.,,,,,,,,,,,,
GL74B,1,Martin Reich M.,,,,,,,,,,,,
GL79C,1,Martin Reich M.,,,,,,,,,,,,
GL79D,1,Martin Reich M.,,,,,,,,,,,,
GL82B,1,Martin Reich M.,,,,,,,,,,,,
GL91A,1,Martin Reich M.,,,,,,,,,,,,
GL91C,1,Martin Reich M.,,,,,,,,,,,,
GL91D,1,Martin Reich M.,,,,,,,,,,,,
GL91E,1,Martin Reich M.,,,,,,,,,,,,
GL91F,1,Martin Reich M.,,,,,,,,,,,,
IN2201,1,Pamela Jervis,,,,,,,,,,,,
IN2201,2,Pamela Jervis,,,,,,,,,,,,
IN3101,1,Carlos Vignolo F.,Sergio Celis Guzmán,Franco Vargas B.,,,,,,,,,,
IN3101,2,Carlos Vignolo F.,Sergio Celis Guzmán,Franco Vargas B.,,,,,,,,,,
IN3141,1,Charles Thraves C.,,,,,,,,,,,,
IN3141,2,Andrés Cristi E.,,,,,,,,,,,,
IN3142,1,Juan Pablo Iriarte U.,,,,,,,,,,,,
IN3142,2,Catalina Millán Montoya,,,,,,,,,,,,
IN3171,1,Andreas Wiese,,,,,,,,,,,,
IN3171,2,Rafael Epstein N.,,,,,,,,,,,,
IN3202,1,Rahmi Ilkilic,,,,,,,,,,,,
IN3301,1,Andrés Kettlun L.,Oscar Saavedra,,,,,,,,,,,
IN3301,2,Michael Jorratt D.,Loreto Tamblay N.,,,,,,,,,,,
IN3301,3,Christian Diez F.,Hugo Vásquez Guardamagna,,,,,,,,,,,
IN3301,4,Luis Llanos C.,Iván Álvarez V.,,,,,,,,,,,
IN3301,5,Alejandro Gálvez Z.,Karla Carrasco J.,,,,,,,,,,,
IN3401,1,Constanza Contreras Piña,,,,,,,,,,,,
IN3501,1,Juan D. Velásquez,Ángel Jiménez Molina,,,,,,,,,,,
IN3702,1,Susana Mondschein P.,,,,,,,,,,,,
IN3856,1,Gastón Suarez C.,,,,,,,,,,,,
IN4002,1,Cecilia Machuca,Pablo González M.,,,,,,,,,,,
IN4002,2,Lorena Teutsch B.,Rubén Daza B.,,,,,,,,,,,
IN4002,3,Zunilda Vergara Monsalve,Jorge A. Jerez Ortega,,,,,,,,,,,
IN4137,1,Lucía Schwember N.,,,,,,,,,,,,
IN4148,1,Jaime Bünzli R.,Andres Matte V.,,,,,,,,,,,
IN4203,1,Pamela Arellano P.,,,,,,,,,,,,
IN4203,2,Raphael Bergoeing V.,,,,,,,,,,,,
IN4301,1,,,,,,,,,,,,,
IN4302,1,Rafael Epstein N.,Luis Llanos C.,,,,,,,,,,,
IN4336,1,,,,,,,,,,,,,
IN4402,1,Daniel Schwartz P.,Andrés Fernández Vergara,,,,,,,,,,,
IN4402,2,Daniel Schwartz P.,Andrés Fernández Vergara,,,,,,,,,,,
IN4524,1,Luis Dujovne F.,,,,,,,,,,,,
IN4532,1,Juan D. Velásquez,,,,,,,,,,,,
IN4535,1,Ángel Jiménez Molina,Felipe E. Vildoso Castillo,Macarena V. Osorio A.,,,,,,,,,,
IN4601,1,Maximo Bosch P.,Christian Diez F.,,,,,,,,,,,
IN4703,1,Andres Weintraub P.,Bastián Vejar,,,,,,,,,,,
IN4703,2,Fernando Ordoñez P.,,,,,,,,,,,,
IN4704,1,Marcelo Olivares A.,,,,,,,,,,,,
IN4847,1,Pablo González S.,,,,,,,,,,,,
IN4852,1,Victor Perez V.,Sergio Celis Guzmán,,,,,,,,,,,
IN4859,1,Vicente Cox,,,,,,,,,,,,
IN4901,1,Karen Gutiérrez F.,,,,,,,,,,,,
IN4901,2,Karen Gutiérrez F.,,,,,,,,,,,,
IN5003,1,Claudio Pizarro T.,,,,,,,,,,,,
IN5101,1,Sebastián Conde D.,Nicole Adaros,,,,,,,,,,,
IN5134,1,Paula Cabrera P.,,,,,,,,,,,,
IN5149,1,Claudia Arratia M.,Sebastián Depolo,,,,,,,,,,,
IN5204,1,Ronald Fischer B.,,,,,,,,,,,,
IN5204,2,Carlos Noton N.,,,,,,,,,,,,
IN5226,1,Jacques Clerc P.,,,,,,,,,,,,
IN5303,1,J. Miguel Cruz,,,,,,,,,,,,
IN5303,2,Pablo Rodríguez E.,,,,,,,,,,,,
IN5322,1,Eduardo Contreras V.,Alejandro Gálvez Z.,,,,,,,,,,,
IN5324,1,Iván Álvarez V.,,,,,,,,,,,,
IN5502,1,Sebastián A. Ríos,,,,,,,,,,,,
IN5602,1,Marcel Goic F.,,,,,,,,,,,,
IN5602,2,Marcel Goic F.,,,,,,,,,,,,
IN5625,1,Nicolás Fritis C.,,,,,,,,,,,,
IN5629,1,Emilio Polit C.,,,,,,,,,,,,
IN5824,1,Lorena Donoso Abarca,,,,,,,,,,,,
IN5857,1,Hernán Cabrera P.,Cecilia Saint-Pierre Cortes,,,,,,,,,,,
IN5858,1,Sebastián Conde D.,Loreto Martínez O.,Claudia Vargas P.,,,,,,,,,,
IN5860,1,M. Paz Soriano B.,Benjamín Carrasco S.,Marcela Aguirre Jerez,Rene Lagos Barrios,,,,,,,,,
IN5902,1,Karen Gutiérrez F.,,,,,,,,,,,,
IN5902,2,Karen Gutiérrez F.,,,,,,,,,,,,
IN5902,3,Karen Gutiérrez F.,,,,,,,,,,,,
IN5902,4,Karen Gutiérrez F.,,,,,,,,,,,,
IN5921,1,Karen Gutiérrez F.,,,,,,,,,,,,
IN5924,1,Karen Gutiérrez F.,,,,,,,,,,,,
IN6004,1,Constanza Imperatore D.,William Baeza,,,,,,,,,,,
IN6004,2,Federico Iriberry C.,Mario Novoa,,,,,,,,,,,
IN6004,3,Antonio Holgado S.,Gustavo Salinas,,,,,,,,,,,
IN6004,4,Lorena Contreras R.,Gonzalo Mena Carriel,,,,,,,,,,,
IN6004,5,Patricio Varas,Andrea Victoria Nieto Eyzaguirre,,,,,,,,,,,
IN6534,1,,,,,,,,,,,,,
IN6854,1,Alejandra Mizala S.,,,,,,,,,,,,
IN6903,1,Karen Gutiérrez F.,,,,,,,,,,,,
IN6903,2,Karen Gutiérrez F.,,,,,,,,,,,,
IN6903,3,Karen Gutiérrez F.,,,,,,,,,,,,
IN6903,4,Karen Gutiérrez F.,,,,,,,,,,,,
IN6903,5,Karen Gutiérrez F.,,,,,,,,,,,,
IN6908,1,Claudio Orsini G.,Orlando Castillo E.,Ricardo Loyola M.,,,,,,,,,,
IN6908,2,Javier Suazo S.,María José Contreras Aguila,Rocío Ruiz M.,,,,,,,,,,
IN6908,3,Patricio Conca K.,Ricardo San Martín Zurita,Rodolfo Urrutia U.,,,,,,,,,,
IN6908,4,Alejandra Puente C.,Pablo Marín Vicuña,Carolina Segovia R.,,,,,,,,,,
IN6908,5,Raúl Uribe Darrigrandi,Gerardo Díaz Rodenas,Manuel Diaz Romero,,,,,,,,,,
IN6908,6,René Esquivel C.,Juan Cumsille L.,Omar Cerda I.,,,,,,,,,,
IN6908,7,Victor Perez V.,Luis Zaviezo Schwartzman,Carlos E. Castro G.,,,,,,,,,,
IN6908,8,Edgardo Santibañez V.,Astrid Contreras F.,Juan Romero G.,,,,,,,,,,
IN6908,9,Iván Díaz Campos,Ignacio Calisto L.,Karina Cisterna Muñoz,,,,,,,,,,
IN6908,10,Carlos Reyes R.,Hugo Sánchez R.,Carlos Pulgar A.,,,,,,,,,,
IN6908,11,Gastón Held B.,Gastón Suarez C.,,,,,,,,,,,
IN6908,12,Fernando Ordoñez P.,,,,,,,,,,,,
IN6908,13,Karen Gutiérrez F.,,,,,,,,,,,,
IN6909,1,Claudio Orsini G.,Orlando Castillo E.,Ricardo Loyola M.,,,,,,,,,,
IN6909,2,Javier Suazo S.,María José Contreras Aguila,Rocío Ruiz M.,,,,,,,,,,
IN6909,3,Patricio Conca K.,Ricardo San Martín Zurita,Rodolfo Urrutia U.,,,,,,,,,,
IN6909,4,Alejandra Puente C.,Pablo Marín Vicuña,Carolina Segovia R.,,,,,,,,,,
IN6909,5,Raúl Uribe Darrigrandi,Gerardo Díaz Rodenas,Manuel Diaz Romero,,,,,,,,,,
IN6909,6,René Esquivel C.,Juan Cumsille L.,Omar Cerda I.,,,,,,,,,,
IN6909,7,Victor Perez V.,Luis Zaviezo Schwartzman,Carlos E. Castro G.,,,,,,,,,,
IN6909,8,Edgardo Santibañez V.,Astrid Contreras F.,Juan Romero G.,,,,,,,,,,
IN6909,9,Iván Díaz Campos,Ignacio Calisto L.,Karina Cisterna Muñoz,,,,,,,,,,
IN6909,10,Carlos Reyes R.,Hugo Sánchez R.,Carlos Pulgar A.,,,,,,,,,,
IN6910,1,Karen Gutiérrez F.,,,,,,,,,,,,
IN6923,1,Karen Gutiérrez F.,,,,,,,,,,,,
IN6925,1,Karen Gutiérrez F.,,,,,,,,,,,,
IN6926,1,Jaime Zuñiga C.,M. Paz Amaya,,,,,,,,,,,
IN6926,2,Jacqueline Mery G.,María José Contreras Aguila,,,,,,,,,,,
IN6926,3,Claudio Pizarro T.,Paula Cabrera P.,,,,,,,,,,,
IN6926,4,José I. Salazar A.,Ricardo Loyola M.,,,,,,,,,,,
IN6926,5,Felipe Correa L.,Loreto Martínez G.,,,,,,,,,,,
IN6926,6,Claudia Schencke B.,Gustavo Salinas,,,,,,,,,,,
IN6926,7,,,,,,,,,,,,,
IN7100,1,Juan Castellón M.,Alex Caqueo,Iván Braga C.,,,,,,,,,,
IN7104,1,Christian Willatt H.,,,,,,,,,,,,
IN7106,1,Sebastián Conde D.,Sebastián Depolo,,,,,,,,,,,
IN7108,1,Jorge Fuenzalida B.,Iván Rubio P.,,,,,,,,,,,
IN7304,1,Patricio Meller B.,,,,,,,,,,,,
IN7305,1,Patricio Meller B.,,,,,,,,,,,,
IN7306,1,Patricio Meller B.,,,,,,,,,,,,
IN7307,1,Patricio Meller B.,,,,,,,,,,,,
IN7308,1,,,,,,,,,,,,,
IN7500,1,Juan Escobar,,,,,,,,,,,,
IN7501,1,Juan Escobar,,,,,,,,,,,,
IN7504,1,Mauricio Canals C.,,,,,,,,,,,,
IN7505,1,Alejandro Corvalan A.,,,,,,,,,,,,
IN7560,1,Cristián Andrade M.,Carlos Reveco,,,,,,,,,,,
IN7561,1,Cristián Julio A.,,,,,,,,,,,,
IN7562,1,Enrique Bravo C.,Juan Neme Gaviola,,,,,,,,,,,
IN7563,1,Eduardo Olguín Macaya,,,,,,,,,,,,
IN7564,1,Ezequiel Muñoz K.,Cinthya Leonor Vergara Silva,,,,,,,,,,,
IN7571,1,Juan Enrique Castro,Claudio Salvatore C.,,,,,,,,,,,
IN7581,1,Ricardo Muñoz C.,,,,,,,,,,,,
IN7584,1,Eduardo Díaz C.,,,,,,,,,,,,
IN7590,1,Francisco Tubino C.,Pablo Cleveland O.,,,,,,,,,,,
IN7595,1,Eduardo Contreras V.,Claudio Jiménez C.,,,,,,,,,,,
IN7597,1,Cristián Andrade M.,,,,,,,,,,,,
IN7598,1,Claudio Pizarro T.,,,,,,,,,,,,
IN7600,1,Richard Weber H.,,,,,,,,,,,,
IN7602,1,Denis Saure V.,,,,,,,,,,,,
IN7603,1,Denis Saure V.,,,,,,,,,,,,
IN7613,1,Marcelo Olivares A.,,,,,,,,,,,,
IN7614,1,Marcelo Olivares A.,,,,,,,,,,,,
IN7615,1,Sebastián A. Ríos,,,,,,,,,,,,
IN7616,1,Andreas Wiese,,,,,,,,,,,,
IN8564,1,Felipe Vera Cid,Rocío Ruiz M.,,,,,,,,,,,
EP600,1,Gabriel Cruz F.,,,,,,,,,,,,
EP601,1,Sara Arancibia C.,,,,,,,,,,,,
IN7A0,1,,,,,,,,,,,,,
IN7A1,1,Pamela Jervis,,,,,,,,,,,,
IN7A1,2,Pablo González S.,,,,,,,,,,,,
IN7A2,1,Sara Arancibia C.,,,,,,,,,,,,
IN7A2,2,Sara Arancibia C.,,,,,,,,,,,,
IN7A6,1,Francisco Tubino C.,,,,,,,,,,,,
IN7A9,1,Eduardo Contreras V.,Joan Massons,,,,,,,,,,,
IN7E5,1,J. Miguel Cruz,,,,,,,,,,,,
IN7G3,1,Ximena Azua R.,,,,,,,,,,,,
IN7G4,1,Patricio Rodríguez,,,,,,,,,,,,
IN7G8,1,Jerko Juretic D.,,,,,,,,,,,,
IN7H0,1,Marcela Guajardo O.,,,,,,,,,,,,
IN7H6,1,Marcela Guajardo O.,,,,,,,,,,,,
IN7M0,1,Alex Jaques G.,Jorge López D.,,,,,,,,,,,
IN7M1,1,Marcos Lima A.,Teodoro Wigodski S.,,,,,,,,,,,
IN7M2,1,Jorge Cristián Quinzio Santelices,Marcelo Olivares Cabrera,,,,,,,,,,,
IN7M3,1,Andrés Kettlun L.,,,,,,,,,,,,
IN7M6,1,Roberto Ecclefield E.,,,,,,,,,,,,
IN7M7,1,Ricardo Montoya,,,,,,,,,,,,
IN7M8,1,Sara Arancibia C.,,,,,,,,,,,,
IN7N1,1,Jaime Gatica B.,,,,,,,,,,,,
IN7N1,2,Enrique Silva R.,,,,,,,,,,,,
IN7N1,3,Jaime Gatica B.,,,,,,,,,,,,
IN7N1,4,Jaime Gatica B.,,,,,,,,,,,,
IN7N2,1,Claudio Guzmán P.,,,,,,,,,,,,
IN7N2,2,,,,,,,,,,,,,
IN7N4,1,Roberto Freraut C.,Octavio Araneda O.,Antonio Pinochet,,,,,,,,,,
IN7N6,1,Jacques Clerc P.,,,,,,,,,,,,
IN7N8,1,Enrique Silva R.,Juan Guzmán B.,,,,,,,,,,,
IN7N9,1,Patricio Meller B.,,,,,,,,,,,,
IN7Q1,1,Sara Arancibia C.,,,,,,,,,,,,
IN7Q4,1,Jorge Lara B.,,,,,,,,,,,,
IN7S7,1,Sebastián Miller,,,,,,,,,,,,
IN7T2,1,Cristián Binimelis S.,,,,,,,,,,,,
IN7T3,1,Anahí Urquiza,,,,,,,,,,,,
IN7T5,1,Gabriela Rubilar,,,,,,,,,,,,
IN7U3,1,María Pía Martín,,,,,,,,,,,,
IN7U4,1,María Pía Martín,,,,,,,,,,,,
IN7U5,1,Andrea Peroni,,,,,,,,,,,,
IN70L,1,Andres Weintraub P.,Cristián E. Cortés,,,,,,,,,,,
IN70M,1,Fernando Barros Aravena,,,,,,,,,,,,
IN70M,2,Hernán E. Triviño Oyarzún,,,,,,,,,,,,
IN70M,3,,,,,,,,,,,,,
IN70U,1,Cristián Binimelis S.,,,,,,,,,,,,
IN70U,2,Cristián Binimelis S.,,,,,,,,,,,,
IN70U,3,Cristián Binimelis S.,,,,,,,,,,,,
IN70W,1,Emilio Valdatta C.,,,,,,,,,,,,
IN70Z,1,Patricio Meller B.,,,,,,,,,,,,
IN71A,1,Pablo González S.,,,,,,,,,,,,
IN73C,1,Sara Arancibia C.,,,,,,,,,,,,
IN73G,1,Eduardo Contreras V.,Michael Jorratt D.,,,,,,,,,,,
IN73I,1,Ignacia Fernández G.,,,,,,,,,,,,
IN74A,1,Juan Carlos Cortazar V.,,,,,,,,,,,,
IN74A,2,Cristián Leyton N.,,,,,,,,,,,,
IN74M,1,Michael Jorratt D.,,,,,,,,,,,,
IN74M,2,Roger Lowick-Russell A.,Michael Jorratt D.,,,,,,,,,,,
IN74M,3,Iván Álvarez V.,,,,,,,,,,,,
IN74P,1,Ernesto Solis G.,,,,,,,,,,,,
IN74R,1,Eduardo Contreras V.,Joan Massons,,,,,,,,,,,
IN74R,2,Eduardo Contreras V.,,,,,,,,,,,,
IN74S,1,J. Miguel Cruz,,,,,,,,,,,,
IN74S,2,Roger Lowick-Russell A.,,,,,,,,,,,,
IN74V,1,Cristián Binimelis S.,,,,,,,,,,,,
IN74V,2,Cristián Binimelis S.,,,,,,,,,,,,
IN74W,1,Cristián Binimelis S.,,,,,,,,,,,,
IN75N,1,Francisco Tubino C.,,,,,,,,,,,,
IN75N,2,,,,,,,,,,,,,
IN75R,1,Francisco Tubino C.,,,,,,,,,,,,
IN75S,1,,,,,,,,,,,,,
IN75S,2,Francisco González S.,,,,,,,,,,,,
IN75T,1,Iván Braga C.,,,,,,,,,,,,
IN75Y,1,Ronald Fischer B.,,,,,,,,,,,,
IN76M,1,Pamela Jervis,,,,,,,,,,,,
IN77N,1,Christian Diez F.,,,,,,,,,,,,
IN77O,1,Fernando Ordoñez P.,,,,,,,,,,,,
IN77P,1,Christian Diez F.,,,,,,,,,,,,
IN77P,2,Jorge Lara B.,,,,,,,,,,,,
IN77R,1,Andrés Musalem S.,,,,,,,,,,,,
IN77R,2,Marcel Goic F.,,,,,,,,,,,,
IN77R,3,,,,,,,,,,,,,
IN78C,1,Jorge De la Fuente O.,,,,,,,,,,,,
IN78N,1,Cristián Binimelis S.,,,,,,,,,,,,
IN78N,2,Claudia Vargas P.,Cristián Binimelis S.,,,,,,,,,,,
IN79C,1,Jorge Lara B.,,,,,,,,,,,,
IN79C,2,Rodrigo Briceño H.,,,,,,,,,,,,
IN79C,3,Manuel Vergara T.,,,,,,,,,,,,
IN79C,4,Jorge Lara B.,,,,,,,,,,,,
IN79C,5,,,,,,,,,,,,,
IN79C,6,,,,,,,,,,,,,
IN79C,7,Enrique Jofre R.,Gerardo Díaz Rodenas,,,,,,,,,,,
IN79C,8,Luis Zaviezo Schwartzman,Loreto Burgos R.,,,,,,,,,,,
IN79C,9,Iván Braga C.,Manuel Rojas V.,,,,,,,,,,,
IN79C,10,Juan Guzmán B.,,,,,,,,,,,,
IN79C,11,Julio Morales O.,,,,,,,,,,,,
IN79C,12,Roberto Freraut C.,,,,,,,,,,,,
IN79C,13,Enrique Silva R.,,,,,,,,,,,,
IN79C,14,Jorge Taboada R.,,,,,,,,,,,,
IN79C,15,Manuel Vergara T.,,,,,,,,,,,,
IN79J,1,Felipe Vera Cid,Rocío Ruiz M.,,,,,,,,,,,
IN79P,1,Eduardo Kohler E.,,,,,,,,,,,,
IN79P,2,Eduardo Kohler E.,,,,,,,,,,,,
IN79P,3,Eduardo Kohler E.,,,,,,,,,,,,
IN79R,1,Manuel Vergara T.,,,,,,,,,,,,
IN79R,2,Jorge Lara B.,,,,,,,,,,,,
IN79R,3,Rodrigo Briceño H.,,,,,,,,,,,,
IN79R,4,Manuel Vergara T.,,,,,,,,,,,,
IN79R,5,Rodrigo Briceño H.,,,,,,,,,,,,
IN79R,6,Ricardo Flores B.,,,,,,,,,,,,
IN700,1,Piero Zanocco Lemp,,,,,,,,,,,,
IN701,1,Juan Escobar,,,,,,,,,,,,
IN703,1,Jorge Lorca G.,Bernabe Lopez M.,,,,,,,,,,,
IN709,1,Carlos Noton N.,,,,,,,,,,,,
IN787,1,Marcelo Olivares A.,,,,,,,,,,,,
IN793,1,Alejandra Mizala S.,,,,,,,,,,,,
MA1001,1,Jorge A. San Martín H.,,,,,,,,,,,,
MA1001,2,Raúl Gormaz A.,,,,,,,,,,,,
MA1001,3,Patricio Felmer A.,,,,,,,,,,,,
MA1001,4,Mauricio Telias H.,,,,,,,,,,,,
MA1001,5,Michael Schraudner,,,,,,,,,,,,
MA1001,6,Cristián Reyes,,,,,,,,,,,,
MA1001,7,Jorge A. San Martín H.,,,,,,,,,,,,
MA1001,8,Argenis J. Méndez G.,,,,,,,,,,,,
MA1001,9,Amitai Linker G.,,,,,,,,,,,,
MA1002,1,Pablo Ugalde S.,,,,,,,,,,,,
MA1101,1,Maria Leonor Varas S.,,,,,,,,,,,,
MA1101,2,Nicolás Zalduendo Vidal,,,,,,,,,,,,
MA1101,3,Paulina Cecchi B.,,,,,,,,,,,,
MA1101,4,Álvaro Hernández U.,,,,,,,,,,,,
MA1101,5,Sebastián Donoso F.,,,,,,,,,,,,
MA1101,6,Marcos Kiwi,,,,,,,,,,,,
MA1101,7,Pablo R. Dartnell R.,,,,,,,,,,,,
MA1101,8,Natacha Astromujoff,,,,,,,,,,,,
MA1101,9,Alexis Fuentes P.,,,,,,,,,,,,
MA1102,1,Alejandro Maass S.,,,,,,,,,,,,
MA2001,1,Aris Daniilidis,,,,,,,,,,,,
MA2001,2,Ángel Pardo,,,,,,,,,,,,
MA2001,3,Hanne Van Den Bosch,,,,,,,,,,,,
MA2001,4,Jaime Ortega P.,,,,,,,,,,,,
MA2001,5,Javier Ramírez Ganga,,,,,,,,,,,,
MA2001,6,Sebastian Tapia Garcia,,,,,,,,,,,,
MA2001,7,Ariel Perez,,,,,,,,,,,,
MA2001,8,Aris Daniilidis,,,,,,,,,,,,
MA2002,1,Michal Kowalczyk,,,,,,,,,,,,
MA2002,2,Juvenal Letelier,,,,,,,,,,,,
MA2002,3,Raúl Gormaz A.,,,,,,,,,,,,
MA2601,1,Axel Osses A.,,,,,,,,,,,,
MA2601,2,Raul Manasevich T.,,,,,,,,,,,,
MA2601,3,Donato Vásquez V.,,,,,,,,,,,,
MA2601,4,Álvaro Hernández U.,,,,,,,,,,,,
MA2601,5,Christopher Maulén Marchant,,,,,,,,,,,,
MA2601,6,Alexis Fuentes P.,,,,,,,,,,,,
MA2601,7,Alexander Frank M.,,,,,,,,,,,,
MA2601,8,Álvaro Bustos G.,,,,,,,,,,,,
MA3401,1,Joaquin Fontbona T.,,,,,,,,,,,,
MA3403,1,Servet Martinez A.,,,,,,,,,,,,
MA3403,2,Raul Gouet B.,,,,,,,,,,,,
MA3403,3,Fernando Lema F.,,,,,,,,,,,,
MA3403,4,Vicente Acuña A.,,,,,,,,,,,,
MA3403,5,Laura Pérez M.,,,,,,,,,,,,
MA3701,1,Jorge G. Amaya A.,,,,,,,,,,,,
MA3701,2,Emilio Molina,,,,,,,,,,,,
MA3711,1,Rafael Correa F.,,,,,,,,,,,,
MA3801,1,Claudio Muñoz C.,,,,,,,,,,,,
MA4001,1,Hanne Van Den Bosch,,,,,,,,,,,,
MA4002,1,Carlos Conca R.,,,,,,,,,,,,
MA4230,1,Jaime Ortega P.,,,,,,,,,,,,
MA4231,1,Maya Stein,,,,,,,,,,,,
MA4401,1,Daniel Remenik,,,,,,,,,,,,
MA4702,1,Iván Rapaport,José A. Soto S.,,,,,,,,,,,
MA4801,1,Salome Martinez S.,,,,,,,,,,,,
MA4902,1,Sebastián Donoso F.,,,,,,,,,,,,
MA5112,1,Michal Kowalczyk,,,,,,,,,,,,
MA5201,1,Marcos Kiwi,,,,,,,,,,,,
MA5204,1,Felipe Tobar,,,,,,,,,,,,
MA5304,1,Patricio Felmer A.,,,,,,,,,,,,
MA5307,1,Axel Osses A.,,,,,,,,,,,,
MA5406,1,Servet Martinez A.,Andrew Hart,Jocelyn Dunstan E.,,,,,,,,,,
MA5602,1,Jaime Ortega P.,,,,,,,,,,,,
MA5606,1,Joaquin Fontbona T.,Claudio Muñoz C.,,,,,,,,,,,
MA5701,1,Héctor Ramírez C.,,,,,,,,,,,,
MA5802,1,Alejandro Maass S.,Sebastián Donoso F.,,,,,,,,,,,
MA5902,1,Sebastián Donoso F.,,,,,,,,,,,,
MA6420,1,Maya Stein,,,,,,,,,,,,
MA6510,1,,,,,,,,,,,,,
MA6902,1,Sebastián Donoso F.,,,,,,,,,,,,
MA6908,1,Sebastián Donoso F.,,,,,,,,,,,,
MA6909,1,Sebastián Donoso F.,,,,,,,,,,,,
MA6910,1,Sebastián Donoso F.,,,,,,,,,,,,
MA6911,1,,,,,,,,,,,,,
MA6912,1,Sebastián Donoso F.,,,,,,,,,,,,
MA6913,1,Martín Matamala,,,,,,,,,,,,
MA6920,1,Nicolás Hernández,,,,,,,,,,,,
MA7991,1,Maya Stein,,,,,,,,,,,,
MA799,1,Sebastián Donoso F.,Maya Stein,,,,,,,,,,,
MA896,1,Sebastián Donoso F.,Maya Stein,,,,,,,,,,,
MA897,1,Maya Stein,,,,,,,,,,,,
MA898,1,Maya Stein,,,,,,,,,,,,
MA899,1,Maya Stein,,,,,,,,,,,,
ME3110,1,Aquiles Sepúlveda O.,,,,,,,,,,,,
ME3120,1,Mauro Monsalve R.,,,,,,,,,,,,
ME3120,2,Alexis Barry D.,,,,,,,,,,,,
ME3130,1,Roger Bustamante P.,,,,,,,,,,,,
ME3140,1,Williams R. Calderón Muñoz,,,,,,,,,,,,
ME3140,2,Williams R. Calderón Muñoz,,,,,,,,,,,,
ME3201,1,Aquiles Sepúlveda O.,,,,,,,,,,,,
ME3203,1,Mauro Monsalve R.,,,,,,,,,,,,
ME3203,2,Alexis Barry D.,,,,,,,,,,,,
ME3204,1,Roger Bustamante P.,,,,,,,,,,,,
ME3301,1,Williams R. Calderón Muñoz,,,,,,,,,,,,
ME3301,2,Williams R. Calderón Muñoz,,,,,,,,,,,,
ME3401,1,Reynaldo Cabezas Cifuentes,,,,,,,,,,,,
ME3601,1,Rodrigo Palma H.,,,,,,,,,,,,
ME4010,1,Sergio Courtin V.,,,,,,,,,,,,
ME4012,1,Reynaldo Cabezas Cifuentes,,,,,,,,,,,,
ME4301,1,Álvaro Valencia M.,,,,,,,,,,,,
ME4302,1,Ramon Frederick G.,,,,,,,,,,,,
ME4501,1,Rodrigo Hernandez P.,,,,,,,,,,,,
ME4601,1,Ali Akbarifakhrabadi,,,,,,,,,,,,
ME4603,1,Juan Carlos Salgado T.,Eduardo Aguero,,,,,,,,,,,
ME4603,2,Juan Carlos Salgado T.,Eduardo Aguero,,,,,,,,,,,
ME4603,3,Juan Carlos Salgado T.,Eduardo Aguero,,,,,,,,,,,
ME4603,4,Juan Carlos Salgado T.,Eduardo Aguero,,,,,,,,,,,
ME4701,1,Karim Pichara,,,,,,,,,,,,
ME4703,1,,,,,,,,,,,,,
ME4704,1,Rodrigo Pascual J.,,,,,,,,,,,,
ME4706,1,Bruno Grossi,,,,,,,,,,,,
ME4707,1,Juan C. Zagal,,,,,,,,,,,,
ME4901,1,Juan Carlos Elicer C.,,,,,,,,,,,,
ME5101,1,Rafael Ruiz G.,,,,,,,,,,,,
ME5101,2,Viviana Meruane N.,,,,,,,,,,,,
ME5300,1,Juan Carlos Elicer C.,,,,,,,,,,,,
ME5301,1,Kim Hauser Vavra,,,,,,,,,,,,
ME5301,2,Ricardo Díaz S.,,,,,,,,,,,,
ME5301,3,Ricardo Díaz S.,,,,,,,,,,,,
ME5301,4,Kim Hauser Vavra,,,,,,,,,,,,
ME5400,1,Ramon Frederick G.,,,,,,,,,,,,
ME5400,2,Ramon Frederick G.,,,,,,,,,,,,
ME5400,3,Mónica Zamora Z.,,,,,,,,,,,,
ME5400,4,Mónica Zamora Z.,,,,,,,,,,,,
ME5500,1,Alejandro Ortiz Bernardin,,,,,,,,,,,,
ME5510,1,Carlos Correa,,,,,,,,,,,,
ME5601,1,Gabriel Arevalo G.,,,,,,,,,,,,
ME5602,1,Alejandro Font F.,,,,,,,,,,,,
ME5700,1,Rubén Fernández Urrutia,,,,,,,,,,,,
ME5701,1,Henry Valenzuela C.,,,,,,,,,,,,
ME5702,1,Enrique López Droguett,,,,,,,,,,,,
ME5703,1,Guillermo Ugarte,,,,,,,,,,,,
ME5704,1,Eduardo Salamanca H.,,,,,,,,,,,,
ME5802,1,Paula Cabrera P.,,,,,,,,,,,,
ME5804,1,Catalina Millán Montoya,,,,,,,,,,,,
ME5804,2,Catalina Millán Montoya,,,,,,,,,,,,
ME5805,1,Renato León C.,Ninoska Leiva C.,,,,,,,,,,,
ME5901,1,Juan Carlos Elicer C.,,,,,,,,,,,,
ME6600,1,Osvaldo González,,,,,,,,,,,,
ME6700,1,Jorge Igor P.,,,,,,,,,,,,
ME6901,1,Juan Carlos Elicer C.,,,,,,,,,,,,
ME6908,1,Aquiles Sepúlveda O.,,,,,,,,,,,,
ME6909,1,Ali Akbarifakhrabadi,,,,,,,,,,,,
ME6909,2,Williams R. Calderón Muñoz,,,,,,,,,,,,
ME6910,1,Williams R. Calderón Muñoz,,,,,,,,,,,,
ME7000,1,Rubén Fernández Urrutia,,,,,,,,,,,,
ME7160,1,Frank Dinter,,,,,,,,,,,,
ME7200,1,Viviana Meruane N.,,,,,,,,,,,,
ME7303,1,Viviana Meruane N.,,,,,,,,,,,,
ME7304,1,Enrique López Droguett,,,,,,,,,,,,
ME708,1,Alejandro Ortiz Bernardin,,,,,,,,,,,,
ME711,1,Ramon Frederick G.,,,,,,,,,,,,
ME720,1,Roger Bustamante P.,,,,,,,,,,,,
ME721,1,Ali Akbarifakhrabadi,,,,,,,,,,,,
ME733,1,Rodrigo Palma H.,,,,,,,,,,,,
ME790,1,Ramon Frederick G.,,,,,,,,,,,,
ME791,1,Ramon Frederick G.,,,,,,,,,,,,
MI3060,1,Kimie Suzuki Morales,,,,,,,,,,,,
MI3100,1,Pia Lois M.,,,,,,,,,,,,
MI3105,1,Sergio Moraga Garay,,,,,,,,,,,,
MI3110,1,Leandro A. Voisin A.,Luis Felipe Orellana E.,,,,,,,,,,,
MI3115,1,Kimie Suzuki Morales,,,,,,,,,,,,
MI3215,1,Sofia Rebolledo L.,Javier Vallejos M.,,,,,,,,,,,
MI3235,1,Leandro A. Voisin A.,Christian Ihle,,,,,,,,,,,
MI4020,1,Aldo Casali B.,,,,,,,,,,,,
MI4040,1,Xavier Emery,,,,,,,,,,,,
MI4060,1,Sofia Rebolledo L.,Javier Vallejos M.,,,,,,,,,,,
MI4070,1,Raúl Castro R.,,,,,,,,,,,,
MI4100,1,Gonzalo Montes A.,Leandro A. Voisin A.,Humberto Estay,,,,,,,,,,
MI4110,1,Gonzalo Montes A.,,,,,,,,,,,,
MI4901,1,,,,,,,,,,,,,
MI5021,1,Christian Ihle,Willy Kracht,,,,,,,,,,,
MI5022,1,Willy Kracht,Sebastián Avalos S.,,,,,,,,,,,
MI5041,1,Alejandro Cáceres S.,,,,,,,,,,,,
MI5041,2,Luis Felipe Orellana E.,,,,,,,,,,,,
MI5051,1,Jacques Wiertz,Andreina Garcia G.,,,,,,,,,,,
MI5051,2,Luis Felipe Orellana E.,,,,,,,,,,,,
MI5071,1,Sebastián Troncoso B.,Javier Santibañez B.,,,,,,,,,,,
MI5071,2,Ernesto Arancibia V.,,,,,,,,,,,,
MI5073,1,Juan L. Yarmuch G.,,,,,,,,,,,,
MI5081,1,Emilio Castillo Dintrans,,,,,,,,,,,,
MI5082,1,Edgar Rihm J.,,,,,,,,,,,,
MI5101,1,Tomas Vargas V.,Gonzalo Montes A.,Leandro A. Voisin A.,,,,,,,,,,
MI5901,1,,,,,,,,,,,,,
MI5902,1,,,,,,,,,,,,,
MI6041,1,Xavier Emery,,,,,,,,,,,,
MI6061,1,Javier Vallejos M.,,,,,,,,,,,,
MI6071,1,Luis Felipe Orellana E.,,,,,,,,,,,,
MI6072,1,Marcelo Vargas V.,,,,,,,,,,,,
MI6081,1,Benjamín Galdames C.,,,,,,,,,,,,
MI6111,1,Leticia Conca B.,,,,,,,,,,,,
MI6112,1,Octavio Fuenzalida G.,Willy Kracht,,,,,,,,,,,
MI6114,1,Willy Kracht,,,,,,,,,,,,
MI6121,1,Alfonso Ovalle W.,Kimie Suzuki Morales,,,,,,,,,,,
MI6131,1,Marcelo Olivares Cabrera,,,,,,,,,,,,
MI6133,1,Jorge Cubillos,,,,,,,,,,,,
MI6142,1,Hans Göpfert,,,,,,,,,,,,
MI6143,1,Pedro A. Aylwin Gómez,,,,,,,,,,,,
MI6144,1,Manuel Soto O.,Jorge Román P.,,,,,,,,,,,
MI6145,1,Paula Cabrera P.,,,,,,,,,,,,
MI6146,1,Michael Reynolds N.,,,,,,,,,,,,
MI6901,1,,,,,,,,,,,,,
MI6908,1,,,,,,,,,,,,,
MI6909,1,,,,,,,,,,,,,
MI6910,1,,,,,,,,,,,,,
MI7908,1,Luis Felipe Orellana E.,,,,,,,,,,,,
MI7909,1,Luis Felipe Orellana E.,,,,,,,,,,,,
MI7910,1,Luis Felipe Orellana E.,,,,,,,,,,,,
MI8130,1,Xavier Emery,,,,,,,,,,,,
MI8131,1,Xavier Emery,,,,,,,,,,,,
MI8132,1,Xavier Emery,,,,,,,,,,,,
MI8133,1,Xavier Emery,,,,,,,,,,,,
MI8134,1,Xavier Emery,,,,,,,,,,,,
MI8135,1,Xavier Emery,,,,,,,,,,,,
MI8136,1,Xavier Emery,,,,,,,,,,,,
MI8137,1,Xavier Emery,,,,,,,,,,,,
MI73A,1,Luis Felipe Orellana E.,,,,,,,,,,,,
MI74D,1,Gonzalo Montes A.,,,,,,,,,,,,
MI74G,1,Gonzalo Montes A.,,,,,,,,,,,,
MI74H,1,Luis Felipe Orellana E.,,,,,,,,,,,,
MI74J,1,Luis Felipe Orellana E.,,,,,,,,,,,,
MI74K,1,Luis Felipe Orellana E.,,,,,,,,,,,,
MI76B,1,José Munizaga R.,,,,,,,,,,,,
MI76C,1,José Munizaga R.,,,,,,,,,,,,
MI76D,1,José Munizaga R.,,,,,,,,,,,,
MI76F,1,José Munizaga R.,,,,,,,,,,,,
MI79A,1,Leandro A. Voisin A.,,,,,,,,,,,,
MI79B,1,Leandro A. Voisin A.,,,,,,,,,,,,
MI79C,1,Luis Felipe Orellana E.,,,,,,,,,,,,
MI79D,1,Luis Felipe Orellana E.,,,,,,,,,,,,
MT77A,1,Humberto Palza C.,,,,,,,,,,,,
MT77B,1,Humberto Palza C.,,,,,,,,,,,,
MT77H,1,Humberto Palza C.,,,,,,,,,,,,
MT78J,1,Cristián Covarrubias G.,,,,,,,,,,,,
MT754,1,Humberto Palza C.,,,,,,,,,,,,
MT772,1,Mónica Soler,Franck Quero,,,,,,,,,,,
MT773,1,Aquiles Sepúlveda O.,Felipe Torres,,,,,,,,,,,
MT775,1,Humberto Palza C.,,,,,,,,,,,,
MT776,1,Humberto Palza C.,,,,,,,,,,,,
BT1211,1,Natalia Jiménez T.,,,,,,,,,,,,
BT1211,2,Franck Quero,,,,,,,,,,,,
BT1211,3,J. Cristian Salgado H.,,,,,,,,,,,,
BT1211,4,Álvaro Olivera Nappa,,,,,,,,,,,,
BT1211,5,Irene Martínez Basterrechea,,,,,,,,,,,,
BT1211,6,Alicia Lucero B.,,,,,,,,,,,,
BT1211,7,Anamaría Sánchez,,,,,,,,,,,,
BT1211,8,Vida Rodríguez,,,,,,,,,,,,
BT1211,9,Oriana Salazar A.,,,,,,,,,,,,
BT3111,1,Omar Porras E.,Ziomara P. Gerdtzen,,,,,,,,,,,
BT3210,1,Álvaro Olivera Nappa,,,,,,,,,,,,
BT3401,1,Ronco Macchiavello Ana Maria,Juan A. Asenjo,Oriana Salazar A.,,,,,,,,,,
BT4103,1,Cecilia V. Rojas B.,Oriana Salazar A.,,,,,,,,,,,
BT4201,1,Barbara Andrews F.,,,,,,,,,,,,
BT4201,2,Barbara Andrews F.,,,,,,,,,,,,
BT4551,1,Maria Elena Lienqueo C.,,,,,,,,,,,,
BT4901,1,Oriana Salazar A.,,,,,,,,,,,,
BT5301,1,Juan A. Asenjo,Barbara Andrews F.,Maria Elena Lienqueo C.,,,,,,,,,,
BT5302,1,Juan A. Asenjo,Rodríguez Vives Juan Pablo,Álvaro Olivera Nappa,,,,,,,,,,
BT5404,1,Álvaro Olivera Nappa,,,,,,,,,,,,
BT5404,2,Barbara Andrews F.,,,,,,,,,,,,
BT5404,3,J. Cristian Salgado H.,,,,,,,,,,,,
BT5404,4,Juan A. Asenjo,,,,,,,,,,,,
BT5404,5,Maria Elena Lienqueo C.,,,,,,,,,,,,
BT5404,6,Francisco Gracia C.,,,,,,,,,,,,
BT5404,7,Felipe Díaz Alvarado,,,,,,,,,,,,
BT5404,8,Melanie Colet L.,,,,,,,,,,,,
BT5404,9,Tomas Vargas V.,,,,,,,,,,,,
BT5404,10,Humberto Palza C.,,,,,,,,,,,,
BT5404,11,Raul Quijada A.,,,,,,,,,,,,
BT5404,12,Oriana Salazar A.,,,,,,,,,,,,
BT5404,13,Paulo Araya F.,,,,,,,,,,,,
BT5404,14,Ziomara P. Gerdtzen,,,,,,,,,,,,
BT5404,15,Franck Quero,,,,,,,,,,,,
BT5404,16,Isadora Berlanga M.,,,,,,,,,,,,
BT5404,17,Mónica Soler,,,,,,,,,,,,
BT5404,18,Eduardo Donoso C.,,,,,,,,,,,,
BT5404,19,Gerardo Díaz Rodenas,,,,,,,,,,,,
BT5404,20,Octavio Vasquez A.,,,,,,,,,,,,
BT5404,21,Rodrigo Espinoza G.,,,,,,,,,,,,
BT5404,22,Andreas Resenkranz,,,,,,,,,,,,
BT5404,23,Irene Martínez Basterrechea,,,,,,,,,,,,
BT5405,1,Álvaro Olivera Nappa,,,,,,,,,,,,
BT5405,2,Barbara Andrews F.,,,,,,,,,,,,
BT5405,3,J. Cristian Salgado H.,,,,,,,,,,,,
BT5405,4,Juan A. Asenjo,,,,,,,,,,,,
BT5405,5,Maria Elena Lienqueo C.,,,,,,,,,,,,
BT5405,6,Francisco Gracia C.,,,,,,,,,,,,
BT5405,7,Felipe Díaz Alvarado,,,,,,,,,,,,
BT5405,8,Melanie Colet L.,,,,,,,,,,,,
BT5405,9,Tomas Vargas V.,,,,,,,,,,,,
BT5405,10,Humberto Palza C.,,,,,,,,,,,,
BT5405,11,Raul Quijada A.,,,,,,,,,,,,
BT5405,12,Oriana Salazar A.,,,,,,,,,,,,
BT5405,13,Paulo Araya F.,,,,,,,,,,,,
BT5405,14,Ziomara P. Gerdtzen,,,,,,,,,,,,
BT5405,15,Franck Quero,,,,,,,,,,,,
BT5405,16,Isadora Berlanga M.,,,,,,,,,,,,
BT5405,17,Mónica Soler,,,,,,,,,,,,
BT5405,18,Eduardo Donoso C.,,,,,,,,,,,,
BT5405,19,Gerardo Díaz Rodenas,,,,,,,,,,,,
BT5405,20,Octavio Vasquez A.,,,,,,,,,,,,
BT5405,21,Rodrigo Espinoza G.,,,,,,,,,,,,
BT5405,22,Andreas Resenkranz,,,,,,,,,,,,
BT5405,23,Irene Martínez Basterrechea,,,,,,,,,,,,
BT5461,1,Matías Tapia Von Schultzendorff,,,,,,,,,,,,
BT5801,1,Juan A. Asenjo,Oriana Salazar A.,Barbara Andrews F.,,,,,,,,,,
BT5901,1,Oriana Salazar A.,,,,,,,,,,,,
BT6601,1,María Guerra H.,Maria Elena Lienqueo C.,Eduardo Rodríguez Y.,Sebastián Guerrero C.,,,,,,,,,
BT6901,1,Oriana Salazar A.,,,,,,,,,,,,
BT6908,1,Humberto Palza C.,Álvaro Olivera Nappa,Irene Martínez Basterrechea,,,,,,,,,,
BT6909,1,Humberto Palza C.,Álvaro Olivera Nappa,Irene Martínez Basterrechea,,,,,,,,,,
BT6910,1,Humberto Palza C.,Álvaro Olivera Nappa,Irene Martínez Basterrechea,,,,,,,,,,
BT7412,1,Irene Martínez Basterrechea,,,,,,,,,,,,
BT7434,1,Juan A. Asenjo,Barbara Andrews F.,Maria Elena Lienqueo C.,,,,,,,,,,
BT7435,1,Juan A. Asenjo,Rodríguez Vives Juan Pablo,Álvaro Olivera Nappa,,,,,,,,,,
BT7481,1,Oriana Salazar A.,Barbara Andrews F.,Maria Elena Lienqueo C.,,,,,,,,,,
IQ2211,1,Rodrigo Espinoza G.,,,,,,,,,,,,
IQ2211,2,Ricardo Muñoz V.,,,,,,,,,,,,
IQ2211,3,Franck Quero,,,,,,,,,,,,
IQ2211,4,María Paz Oyarzún,,,,,,,,,,,,
IQ2211,5,Melanie Colet L.,,,,,,,,,,,,
IQ2211,6,Mónica Soler,,,,,,,,,,,,
IQ2211,7,Isadora Berlanga M.,,,,,,,,,,,,
IQ2211,8,Nicole Parra,,,,,,,,,,,,
IQ2212,1,Andreas Resenkranz,,,,,,,,,,,,
IQ2212,2,Gerardo Díaz Rodenas,,,,,,,,,,,,
IQ2212,3,Octavio Vasquez A.,,,,,,,,,,,,
IQ3211,1,Francisco Gracia C.,,,,,,,,,,,,
IQ3213,1,Raul Quijada A.,Teresa Velilla G.,,,,,,,,,,,
IQ3214,1,Melanie Colet L.,Mónica Soler,,,,,,,,,,,
IQ3311,1,Irene Martínez Basterrechea,,,,,,,,,,,,
IQ3451,1,Mariana Bruning González,,,,,,,,,,,,
IQ4101,1,J. Cristian Salgado H.,,,,,,,,,,,,
IQ4302,1,Francisco Gracia C.,,,,,,,,,,,,
IQ4304,1,Humberto Palza C.,,,,,,,,,,,,
IQ4421,1,Raul Quijada A.,Humberto Palza C.,,,,,,,,,,,
IQ4901,1,Rodrigo Espinoza G.,,,,,,,,,,,,
IQ5306,1,Felipe Díaz Alvarado,,,,,,,,,,,,
IQ5404,1,Barbara Andrews F.,,,,,,,,,,,,
IQ5404,2,Barbara Andrews F.,,,,,,,,,,,,
IQ5404,3,J. Cristian Salgado H.,,,,,,,,,,,,
IQ5404,4,Juan A. Asenjo,,,,,,,,,,,,
IQ5404,5,Maria Elena Lienqueo C.,,,,,,,,,,,,
IQ5404,6,Francisco Gracia C.,,,,,,,,,,,,
IQ5404,7,Felipe Díaz Alvarado,,,,,,,,,,,,
IQ5404,8,Melanie Colet L.,,,,,,,,,,,,
IQ5404,9,Tomas Vargas V.,,,,,,,,,,,,
IQ5404,10,Humberto Palza C.,,,,,,,,,,,,
IQ5404,11,Raul Quijada A.,,,,,,,,,,,,
IQ5404,12,Oriana Salazar A.,,,,,,,,,,,,
IQ5404,13,Paulo Araya F.,,,,,,,,,,,,
IQ5404,14,Ziomara P. Gerdtzen,,,,,,,,,,,,
IQ5404,15,Franck Quero,,,,,,,,,,,,
IQ5404,16,Isadora Berlanga M.,,,,,,,,,,,,
IQ5404,17,Mónica Soler,,,,,,,,,,,,
IQ5404,18,Eduardo Donoso C.,,,,,,,,,,,,
IQ5404,19,Gerardo Díaz Rodenas,,,,,,,,,,,,
IQ5404,20,Octavio Vasquez A.,,,,,,,,,,,,
IQ5404,21,Rodrigo Espinoza G.,,,,,,,,,,,,
IQ5404,22,Andreas Resenkranz,,,,,,,,,,,,
IQ5404,23,Irene Martínez Basterrechea,,,,,,,,,,,,
IQ5405,1,Álvaro Olivera Nappa,,,,,,,,,,,,
IQ5405,2,Barbara Andrews F.,,,,,,,,,,,,
IQ5405,3,J. Cristian Salgado H.,,,,,,,,,,,,
IQ5405,4,Juan A. Asenjo,,,,,,,,,,,,
IQ5405,5,Maria Elena Lienqueo C.,,,,,,,,,,,,
IQ5405,6,Francisco Gracia C.,,,,,,,,,,,,
IQ5405,7,Felipe Díaz Alvarado,,,,,,,,,,,,
IQ5405,8,Melanie Colet L.,,,,,,,,,,,,
IQ5405,9,Tomas Vargas V.,,,,,,,,,,,,
IQ5405,10,Humberto Palza C.,,,,,,,,,,,,
IQ5405,11,Raul Quijada A.,,,,,,,,,,,,
IQ5405,12,Oriana Salazar A.,,,,,,,,,,,,
IQ5405,13,Paulo Araya F.,,,,,,,,,,,,
IQ5405,14,Ziomara P. Gerdtzen,,,,,,,,,,,,
IQ5405,15,Franck Quero,,,,,,,,,,,,
IQ5405,16,Isadora Berlanga M.,,,,,,,,,,,,
IQ5405,17,Mónica Soler,,,,,,,,,,,,
IQ5405,18,Eduardo Donoso C.,,,,,,,,,,,,
IQ5405,19,Gerardo Díaz Rodenas,,,,,,,,,,,,
IQ5405,20,Octavio Vasquez A.,,,,,,,,,,,,
IQ5405,21,Rodrigo Espinoza G.,,,,,,,,,,,,
IQ5405,22,Andreas Resenkranz,,,,,,,,,,,,
IQ5405,23,Irene Martínez Basterrechea,,,,,,,,,,,,
IQ5411,1,Guillermo Valenzuela V.,Fernando Arenas Araya,,,,,,,,,,,
IQ5422,1,Humberto Palza C.,,,,,,,,,,,,
IQ5431,1,Blanca Escobar M.,Tomas Vargas V.,,,,,,,,,,,
IQ5441,1,Albert Leandro Herrera Zeppelin,,,,,,,,,,,,
IQ5455,1,Fernanda Salinas Urzúa,,,,,,,,,,,,
IQ5531,1,Felipe Díaz Alvarado,,,,,,,,,,,,
IQ5802,1,Jorge Castillo G.,,,,,,,,,,,,
IQ5901,1,Rodrigo Espinoza G.,,,,,,,,,,,,
IQ6462,1,Andrea Rodríguez Silva,,,,,,,,,,,,
IQ6702,1,Álvaro Olivera Nappa,Claudia Castillo O.,Scarlet Taiba,,,,,,,,,,
IQ6901,1,Rodrigo Espinoza G.,,,,,,,,,,,,
IQ6908,1,Humberto Palza C.,Álvaro Olivera Nappa,Irene Martínez Basterrechea,,,,,,,,,,
IQ6909,1,Humberto Palza C.,Álvaro Olivera Nappa,Irene Martínez Basterrechea,,,,,,,,,,
IQ6910,1,Humberto Palza C.,Álvaro Olivera Nappa,Irene Martínez Basterrechea,,,,,,,,,,
IQ7001,1,Juan A. Asenjo,Francisco Gracia C.,,,,,,,,,,,
IQ7002,1,Juan A. Asenjo,Francisco Gracia C.,,,,,,,,,,,
IQ7401,1,Juan A. Asenjo,,,,,,,,,,,,
IQ7401,2,Felipe Díaz Alvarado,,,,,,,,,,,,
IQ7401,3,Francisco Gracia C.,,,,,,,,,,,,
IQ7401,4,Melanie Colet L.,,,,,,,,,,,,
IQ7401,5,J. Cristian Salgado H.,,,,,,,,,,,,
IQ7401,6,Ziomara P. Gerdtzen,,,,,,,,,,,,
IQ7401,7,Humberto Palza C.,,,,,,,,,,,,
IQ7401,8,Álvaro Olivera Nappa,,,,,,,,,,,,
IQ7401,9,Tomas Vargas V.,,,,,,,,,,,,
IQ7401,10,Raul Quijada A.,,,,,,,,,,,,
IQ7401,11,Oriana Salazar A.,,,,,,,,,,,,
IQ7401,12,Irene Martínez Basterrechea,,,,,,,,,,,,
IQ7401,13,Maria Elena Lienqueo C.,,,,,,,,,,,,
IQ7402,1,Juan A. Asenjo,,,,,,,,,,,,
IQ7402,2,Felipe Díaz Alvarado,,,,,,,,,,,,
IQ7402,3,Francisco Gracia C.,,,,,,,,,,,,
IQ7402,4,Melanie Colet L.,,,,,,,,,,,,
IQ7402,5,J. Cristian Salgado H.,,,,,,,,,,,,
IQ7402,6,Ziomara P. Gerdtzen,,,,,,,,,,,,
IQ7402,7,Humberto Palza C.,,,,,,,,,,,,
IQ7402,8,Álvaro Olivera Nappa,,,,,,,,,,,,
IQ7402,9,Tomas Vargas V.,,,,,,,,,,,,
IQ7402,10,Raul Quijada A.,,,,,,,,,,,,
IQ7402,11,Oriana Salazar A.,,,,,,,,,,,,
IQ7402,12,Irene Martínez Basterrechea,,,,,,,,,,,,
IQ7402,13,Maria Elena Lienqueo C.,,,,,,,,,,,,
IQ7403,1,Juan A. Asenjo,,,,,,,,,,,,
IQ7403,2,Felipe Díaz Alvarado,,,,,,,,,,,,
IQ7403,3,Francisco Gracia C.,,,,,,,,,,,,
IQ7403,4,Melanie Colet L.,,,,,,,,,,,,
IQ7403,5,J. Cristian Salgado H.,,,,,,,,,,,,
IQ7403,6,Ziomara P. Gerdtzen,,,,,,,,,,,,
IQ7403,7,Humberto Palza C.,,,,,,,,,,,,
IQ7403,8,Álvaro Olivera Nappa,,,,,,,,,,,,
IQ7403,9,Tomas Vargas V.,,,,,,,,,,,,
IQ7403,10,Raul Quijada A.,,,,,,,,,,,,
IQ7403,11,Oriana Salazar A.,,,,,,,,,,,,
IQ7403,12,Irene Martínez Basterrechea,,,,,,,,,,,,
IQ7412,1,J. Cristian Salgado H.,,,,,,,,,,,,
IQ7422,1,Albert Leandro Herrera Zeppelin,,,,,,,,,,,,
IQ7423,1,Tomas Vargas V.,,,,,,,,,,,,
IQ7436,1,Humberto Palza C.,,,,,,,,,,,,
IQ7481,1,Juan A. Asenjo,Oriana Salazar A.,Barbara Andrews F.,,,,,,,,,,
IQ8003,1,Juan A. Asenjo,Francisco Gracia C.,,,,,,,,,,,
IQ8004,1,Juan A. Asenjo,Francisco Gracia C.,,,,,,,,,,,
IQ8005,1,Juan A. Asenjo,Francisco Gracia C.,,,,,,,,,,,
IQ8006,1,Juan A. Asenjo,Francisco Gracia C.,,,,,,,,,,,
,,,,,,,,,,,,,,
